site_id,building_id,primary_use,square_feet,year_built,floor_count
0,0,0,0.008172929073060201,0.9230769230769231,0.07999999999999999
0,1,0,0.002786043943355394,0.888888888888889,0.07999999999999999
0,2,0,0.005822454576737391,0.7777777777777779,0.07999999999999999
0,3,0,0.02675379579909845,0.8717948717948719,0.07999999999999999
0,4,0,0.13298472534545458,0.6410256410256411,0.12
0,5,0,0.00882228194947623,0.8547008547008548,0.07999999999999999
0,6,4,0.03160222106121179,0.6923076923076924,0.07999999999999999
0,7,0,0.13809151988586021,0.7606837606837608,0.12
0,8,0,0.06919495105274048,0.8803418803418804,0.12
0,9,6,0.03054359295635045,0.9401709401709403,0.07999999999999999
0,10,1,0.42355413236509637,0.7777777777777779,0.16
0,11,0,0.055778040211862806,0.5811965811965812,0.12
0,12,4,0.04209018459684675,0.8461538461538463,0.12
0,13,0,0.11329035562359026,0.8547008547008548,0.12
0,14,0,0.09827978649094507,0.9658119658119659,0.12
0,15,6,0.09565836722048389,0.6324786324786326,0.12
0,16,0,0.062146957244457346,0.8205128205128206,0.12
0,17,6,0.017110676938941395,0.6837606837606838,0.07999999999999999
0,18,0,0.12759326730816936,0.8205128205128206,0.12
0,19,6,0.02107424458424839,0.888888888888889,0.07999999999999999
0,20,0,0.12574238296500467,0.6581196581196582,0.12
0,21,6,0.00772821381086683,0.7692307692307693,0.07999999999999999
0,22,0,0.003756643577294142,0.8205128205128206,0.07999999999999999
0,23,0,0.149307718953673,0.7264957264957266,0.12
0,24,0,0.1203383494318734,0.8632478632478633,0.12
0,25,6,0.11775579987584556,0.5897435897435898,0.12
0,26,6,0.030489861292280818,0.8974358974358976,0.07999999999999999
0,27,4,0.06735549897852677,0.8461538461538463,0.12
0,28,6,0.06021833347242593,0.9914529914529916,0.12
0,29,0,0.1298511404259892,0.9059829059829061,0.12
0,30,0,0.1070220425577644,0.8461538461538463,0.12
0,31,0,0.0704467845028735,0.8632478632478633,0.12
0,32,6,0.05499950269630063,0.8974358974358976,0.12
0,33,4,0.043903342452473196,0.8717948717948719,0.12
0,34,4,0.048527695243147206,0.8717948717948719,0.12
0,35,4,0.047254140482007316,0.8717948717948719,0.12
0,36,4,0.060416111725278,0.8717948717948719,0.12
0,37,4,0.060416111725278,0.8717948717948719,0.12
0,38,6,0.014274331012201661,0.9658119658119659,0.07999999999999999
0,39,6,0.07355064552306632,0.5897435897435898,0.12
0,40,1,0.030479572250224927,0.8632478632478633,0.07999999999999999
0,41,6,0.10697974316264575,0.5811965811965812,0.12
0,42,7,0.2586242178899004,0.5811965811965812,0.12
0,43,11,0.06720802270905904,0.6837606837606838,0.12
0,44,11,0.0,0.7264957264957266,0.07999999999999999
0,45,11,0.017172411191276722,0.9914529914529916,0.07999999999999999
0,46,11,0.010016954054854312,0.9914529914529916,0.07999999999999999
0,47,11,0.035877889648880716,0.9230769230769231,0.12
0,48,7,0.010616004947886002,0.7606837606837608,0.07999999999999999
0,49,4,0.027635223735219504,0.5811965811965812,0.12
0,50,7,0.00504734674186051,0.6923076923076924,0.07999999999999999
0,51,8,0.442834653950935,0.9743589743589745,0.16
0,52,0,0.12145642533527987,0.5982905982905984,0.12
0,53,6,0.09998548101843224,0.6068376068376069,0.12
0,54,0,0.008670232772428111,0.9487179487179488,0.07999999999999999
0,55,6,0.01879807983610699,0.9487179487179488,0.07999999999999999
0,56,4,0.06837068446137437,0.9658119658119659,0.12
0,57,4,0.07439663342543931,0.9658119658119659,0.12
0,58,4,0.09499758207511687,0.9658119658119659,0.12
0,59,1,0.09266311275532543,0.8974358974358976,0.12
0,60,0,0.09293634398325401,0.8290598290598291,0.12
0,61,4,0.043903342452473196,0.8632478632478633,0.12
0,62,4,0.048527695243147206,0.8632478632478633,0.12
0,63,4,0.047254140482007316,0.8632478632478633,0.12
0,64,4,0.060416111725278,0.8632478632478633,0.12
0,65,4,0.060416111725278,0.8632478632478633,0.12
0,66,4,0.04225137958905566,0.6923076923076924,0.12
0,67,4,0.027635223735219504,0.5811965811965812,0.12
0,68,8,0.556922981947304,0.9145299145299146,0.16
0,69,8,0.442834653950935,0.8547008547008548,0.16
0,70,8,0.442834653950935,0.9145299145299146,0.16
0,71,8,0.442834653950935,0.8376068376068377,0.16
0,72,8,0.442834653950935,0.8717948717948719,0.16
0,73,8,0.442834653950935,0.9230769230769231,0.16
0,74,8,0.442834653950935,0.8290598290598291,0.16
0,75,0,0.09221153813176147,0.9401709401709403,0.12
0,76,0,0.1470235516172659,0.9316239316239318,0.12
0,77,4,0.027635223735219504,0.5811965811965812,0.12
0,78,0,0.08685552012822433,0.9145299145299146,0.12
0,79,6,0.04110700946706192,0.9401709401709403,0.07999999999999999
0,80,6,0.17814676060943138,0.8632478632478633,0.16
0,81,7,0.00313472814636048,0.6752136752136753,0.04
0,82,6,0.01195815332273181,0.6324786324786326,0.07999999999999999
0,83,7,0.0020429464615412756,0.8205128205128206,0.07999999999999999
0,84,6,0.004292816991095406,0.7350427350427351,0.07999999999999999
0,85,4,0.04225137958905566,0.6923076923076924,0.12
0,86,0,0.012174223205905452,0.7350427350427351,0.07999999999999999
0,87,1,0.007006837640059585,0.9059829059829061,0.07999999999999999
0,88,1,0.08716419138990096,0.9145299145299146,0.12
0,89,11,0.1845991332053681,0.8205128205128206,0.12
0,90,4,0.06735549897852677,0.8461538461538463,0.12
0,91,0,0.0775233589835341,0.8803418803418804,0.12
0,92,6,0.01199930949095536,0.5982905982905984,0.07999999999999999
0,93,6,0.03782594827812881,0.7008547008547009,0.12
0,94,0,0.033366220160349,0.5811965811965812,0.07999999999999999
0,95,4,0.22938847650154276,0.9059829059829061,0.12
0,96,4,0.22938847650154276,0.9059829059829061,0.12
0,97,4,0.2141995639732622,0.9145299145299146,0.12
0,98,4,0.22938847650154276,0.9145299145299146,0.12
0,99,6,0.002260159571610018,0.9914529914529916,0.07999999999999999
0,100,4,0.027635223735219504,0.5811965811965812,0.12
0,101,6,0.021237726030247497,0.7350427350427351,0.07999999999999999
0,102,6,0.017826336975273145,0.7094017094017094,0.07999999999999999
0,103,0,0.024435331655838402,0.9914529914529916,0.12
0,104,6,0.05149894194350858,0.8803418803418804,0.12
1,105,0,0.0575500418992657,0.5299145299145299,0.16
1,106,0,0.005820168122947193,0.5897435897435898,0.12
1,107,0,0.11117767232144797,0.8974358974358976,0.36000000000000004
1,108,0,0.0929409168908344,0.11111111111111112,0.16
1,109,0,0.06483468367483426,0.45299145299145305,0.19999999999999998
1,110,0,0.031474179648960744,0.9059829059829061,0.28
1,111,0,0.13496365110087033,0.07692307692307693,0.24000000000000002
1,112,0,0.036495232172233986,0.4957264957264958,0.19999999999999998
1,113,0,0.11454904843509386,0.4957264957264958,0.32
1,114,0,0.15936582917675088,0.4957264957264958,0.48000000000000004
1,115,0,0.14797128671330267,0.5811965811965812,0.19999999999999998
1,116,0,0.04227881703453802,0.5897435897435898,0.16
1,117,0,0.01738390816686997,0.888888888888889,0.12
1,118,0,0.15780303801115103,0.5128205128205129,0.28
1,119,0,0.10388045505003332,0.9145299145299146,0.24000000000000002
1,120,0,0.07765711653026064,0.6495726495726496,0.24000000000000002
1,121,0,0.17152404720612494,0.05128205128205129,0.32
1,122,0,0.09461345783836372,0.7777777777777779,0.19999999999999998
1,123,0,0.06964652567630446,0.7606837606837608,0.19999999999999998
1,124,0,0.043483778181971994,0.0,0.19999999999999998
1,125,0,0.01888496508013449,0.8119658119658121,0.19999999999999998
1,126,0,0.024300430882216763,0.888888888888889,0.16
1,127,4,0.030624762065902457,0.47008547008547014,0.19999999999999998
1,128,4,0.11717046770555506,0.4786324786324787,0.24000000000000002
1,129,4,0.1173796782273581,0.5811965811965812,0.24000000000000002
1,130,4,0.07157743590212606,0.5128205128205129,0.6
1,131,4,0.07588511484285775,0.25641025641025644,0.24000000000000002
1,132,4,0.09468776758654514,0.8119658119658121,0.28
1,133,4,0.07366954112015658,0.5128205128205129,0.28
1,134,4,0.056367945289733705,0.8376068376068377,0.28
1,135,4,0.07573763857339003,0.5726495726495727,0.36000000000000004
1,136,4,0.06423105987422217,0.5128205128205129,0.32
1,137,1,0.07287042552048263,0.5726495726495727,0.19999999999999998
1,138,9,0.13484132582309477,0.5811965811965812,0.19999999999999998
1,139,9,0.06441626263122815,0.0,0.19999999999999998
1,140,6,0.05686067608152122,0.45299145299145305,0.4
1,141,6,0.05088045619326022,0.1623931623931624,0.16
1,142,6,0.05151952002762036,0.5213675213675214,0.12
1,143,6,0.045502716878716196,0.5470085470085471,0.12
1,144,6,0.06560979150971115,0.4871794871794872,0.16
1,145,6,0.015932010010094692,0.6068376068376069,0.12
1,146,6,0.03581844185033559,0.4786324786324787,0.28
1,147,6,0.0940475605252899,0.6581196581196582,0.24000000000000002
1,148,6,0.1992850258998053,0.5128205128205129,0.44
1,149,6,0.0932850281862591,0.5128205128205129,0.28
1,150,6,0.0747373150401787,0.47008547008547014,0.28
1,151,6,0.03453917095472021,0.8290598290598291,0.28
1,152,6,0.01145284703509821,0.5982905982905984,0.04
1,153,6,0.018073273984614453,0.5555555555555556,0.07999999999999999
1,154,6,0.03906634945931083,0.05982905982905984,0.28
1,155,6,0.05876757854254575,0.25641025641025644,0.28
2,156,9,0.04961376079349092,0.9145299145299146,0.12
2,157,6,0.005687553803115751,0.5982905982905984,0.07999999999999999
2,158,6,0.011263071370511834,0.6324786324786326,0.07999999999999999
2,159,0,0.010866371637912604,0.6153846153846154,0.07999999999999999
2,160,1,0.017723446554714268,0.623931623931624,0.07999999999999999
2,161,0,0.012628084283259613,0.5555555555555556,0.07999999999999999
2,162,0,0.1126604376043909,0.5811965811965812,0.12
2,163,0,0.08210541237908947,0.5982905982905984,0.12
2,164,15,0.014433239550620371,0.6752136752136753,0.07999999999999999
2,165,15,0.004108757460984524,0.6410256410256411,0.07999999999999999
2,166,4,0.6321210174262075,0.9316239316239318,0.16
2,167,4,0.09836324205428727,0.4786324786324787,0.12
2,168,0,0.20941287296348418,0.8974358974358976,0.12
2,169,0,0.20495314484570437,0.9059829059829061,0.12
2,170,11,0.051377759892628126,0.7008547008547009,0.12
2,171,6,0.15035034188200297,0.5811965811965812,0.12
2,172,6,0.1385099409294663,0.7094017094017094,0.12
2,173,0,0.10359922123383906,0.5555555555555556,0.07999999999999999
2,174,0,0.10359579155315377,0.5555555555555556,0.07999999999999999
2,175,0,0.1273006012230241,0.7606837606837608,0.12
2,176,0,0.07082862228583645,0.5982905982905984,0.12
2,177,1,0.19067081124523702,0.7606837606837608,0.12
2,178,6,0.02641883031883455,0.5726495726495727,0.07999999999999999
2,179,2,0.028105089989105048,0.9572649572649574,0.12
2,180,0,0.02778384323158233,0.5384615384615385,0.12
2,181,0,0.16982178235932305,0.9743589743589745,0.16
2,182,1,0.0008448446754778974,0.5897435897435898,0.07999999999999999
2,183,0,0.15117460847336908,0.7863247863247864,0.12
2,184,0,0.03874167302110282,0.5641025641025642,0.07999999999999999
2,185,0,0.09605049404550271,0.5811965811965812,0.16
2,186,10,0.001538783400802774,0.4102564102564103,0.07999999999999999
2,187,0,0.05021052523273241,0.4273504273504274,0.12
2,188,6,0.026598316941365035,0.35042735042735046,0.07999999999999999
2,189,0,0.008228947190920035,0.5897435897435898,0.07999999999999999
2,190,0,0.15634428049300514,0.4871794871794872,0.12
2,191,0,0.0891545494142677,0.5470085470085471,0.12
2,192,0,0.17303196348076005,0.7094017094017094,0.12
2,193,6,0.006767903218983969,0.8461538461538463,0.07999999999999999
2,194,6,0.17765631627143405,0.5641025641025642,0.12
2,195,6,0.01076919735182922,0.3418803418803419,0.07999999999999999
2,196,1,0.04601259607393019,0.5726495726495727,0.12
2,197,9,0.11726421231095314,0.623931623931624,0.12
2,198,6,0.18711880528216554,0.888888888888889,0.12
2,199,8,0.4627782471359308,0.888888888888889,0.12
2,200,1,0.16326423288903724,0.5470085470085471,0.16
2,201,0,0.25073823876750995,0.7863247863247864,0.12
2,202,4,0.08505493776844397,0.9059829059829061,0.12
2,203,4,0.07209760413939595,0.9145299145299146,0.12
2,204,4,0.03505819596509499,0.43589743589743596,0.12
2,205,4,0.06836839800758417,0.8632478632478633,0.12
2,206,9,0.3950466265089166,0.5641025641025642,0.16
2,207,9,0.11365618823002183,0.5555555555555556,0.12
2,208,3,0.04186611212540741,0.2905982905982906,0.12
2,209,0,0.22065536624988424,0.9059829059829061,0.12
2,210,0,0.08112909661067523,0.888888888888889,0.12
2,211,0,0.0550212240073075,0.5128205128205129,0.12
2,212,0,0.3738043275710887,0.9572649572649574,0.16
2,213,0,0.05645140085307591,0.5470085470085471,0.12
2,214,0,0.10402221518502555,0.43589743589743596,0.12
2,215,4,0.04129678513164829,0.3418803418803419,0.12
2,216,0,0.15637286116538263,0.5470085470085471,0.12
2,217,0,0.3231479438492678,0.8803418803418804,0.16
2,218,9,0.01843796336415092,0.5811965811965812,0.07999999999999999
2,219,0,0.10956800885314907,0.5042735042735044,0.12
2,220,0,0.13982693831261994,0.6068376068376069,0.12
2,221,0,0.23329373957519972,0.7948717948717949,0.12
2,222,1,0.013320879781689391,0.33333333333333337,0.07999999999999999
2,223,0,0.29827361306571154,0.5726495726495727,0.12
2,224,0,0.3109519993323555,0.47008547008547014,0.16
2,225,4,0.24721481347681593,0.5726495726495727,0.12
2,226,6,0.08448103786710445,0.25641025641025644,0.12
2,227,1,0.019262229955517043,0.15384615384615385,0.07999999999999999
2,228,4,0.05581805315319126,0.43589743589743596,0.12
2,229,0,0.1598334089768462,0.5897435897435898,0.12
2,230,0,0.011490573522636464,0.6495726495726496,0.07999999999999999
2,231,0,0.03824779900242021,0.33333333333333337,0.07999999999999999
2,232,1,0.027508325549863554,0.6923076923076924,0.07999999999999999
2,233,0,0.028416047704571876,0.5982905982905984,0.12
2,234,0,0.2045049999028257,0.6068376068376069,0.12
2,235,0,0.010318765955160354,0.5982905982905984,0.07999999999999999
2,236,1,0.16439945719587018,0.7606837606837608,0.16
2,237,9,0.1154419086401659,0.7008547008547009,0.12
2,238,6,0.05114111192534271,0.5384615384615385,0.12
2,239,4,0.12136153750298669,0.5384615384615385,0.12
2,240,4,0.12692219312074646,0.5470085470085471,0.12
2,241,1,0.05912312210692143,0.6324786324786326,0.12
2,242,8,0.17929227395832023,0.7435897435897436,0.12
2,243,8,0.6367019275948678,0.888888888888889,0.16
2,244,0,0.10910271550684393,0.5982905982905984,0.12
2,245,0,0.10083604182838564,0.5982905982905984,0.12
2,246,6,0.23110560329798094,0.5726495726495727,0.12
2,247,0,0.0734831951362555,0.5555555555555556,0.12
2,248,0,0.02784900716460295,0.7008547008547009,0.07999999999999999
2,249,1,0.20482738988724353,0.6495726495726496,0.12
2,250,0,0.1502508811421294,0.7777777777777779,0.12
2,251,0,0.014278903919782055,0.4786324786324787,0.07999999999999999
2,252,0,0.004608347614142631,0.05982905982905984,0.04
2,253,0,0.07502312176395337,0.5470085470085471,0.12
2,254,1,0.2909318099453881,0.7606837606837608,0.12
2,255,0,0.055783756346338295,0.11965811965811968,0.12
2,256,0,0.01881865792021877,0.5897435897435898,0.07999999999999999
2,257,0,0.08616158140289945,0.5641025641025642,0.12
2,258,0,0.08110165916519285,0.5726495726495727,0.12
2,259,0,0.08824111112508388,0.5982905982905984,0.12
2,260,0,0.1448491340627883,0.6752136752136753,0.12
2,261,0,0.10230394516169229,0.5897435897435898,0.07999999999999999
2,262,1,0.02346015911431926,0.8461538461538463,0.12
2,263,0,0.09990659836267045,0.5128205128205129,0.12
2,264,6,0.09531882883263959,0.623931623931624,0.12
2,265,6,0.13568159759099227,0.7521367521367522,0.12
2,266,0,0.03459404584568494,0.5470085470085471,0.12
2,267,1,0.08220944602654344,0.9658119658119659,0.12
2,268,1,0.08866982121074587,0.5811965811965812,0.12
2,269,1,0.9251529351778918,0.4957264957264958,0.19999999999999998
2,270,6,0.03371947727093448,0.5811965811965812,0.07999999999999999
2,271,0,0.08132687486352728,0.5641025641025642,0.12
2,272,0,0.004915875648924166,0.5726495726495727,0.07999999999999999
2,273,6,0.16012264538130616,0.5897435897435898,0.12
2,274,6,0.047936646938381205,0.7264957264957266,0.12
2,275,6,0.08065351422231419,0.9743589743589745,0.12
2,276,6,0.08065923035678968,0.9743589743589745,0.12
2,277,0,0.014265185197040871,0.07692307692307693,0.07999999999999999
2,278,6,0.16898951317969124,0.6068376068376069,0.12
2,279,0,0.056133583776238484,0.5726495726495727,0.12
2,280,1,0.12029262035606945,0.9230769230769231,0.12
2,281,2,0.032672281435024125,0.5641025641025642,0.07999999999999999
2,282,6,0.03254424002277308,0.5726495726495727,0.07999999999999999
2,283,1,0.059032807182208644,0.5897435897435898,0.12
2,284,1,0.26291474842720564,0.6410256410256411,0.12
2,285,14,0.024779442951263095,0.5811965811965812,0.07999999999999999
2,286,4,0.03722118125062163,0.2991452991452992,0.12
2,287,6,0.03821807510314764,0.4786324786324787,0.12
2,288,1,0.011946721053780822,0.8974358974358976,0.07999999999999999
2,289,1,0.010726897956710571,0.8974358974358976,0.07999999999999999
2,290,6,0.058817880525930094,0.5641025641025642,0.12
3,291,9,0.10329283642595262,0.9487179487179488,0.07999999999999999
3,292,9,0.0382523719100006,0.5811965811965812,0.07999999999999999
3,293,6,0.46611303998893355,0.9401709401709403,0.12
3,294,1,0.016725409475293152,0.5726495726495727,0.07999999999999999
3,295,0,0.09502158983991393,0.35897435897435903,0.12
3,296,9,0.024827458480857236,0.5811965811965812,0.07999999999999999
3,297,0,0.07535808724421728,0.4273504273504274,0.12
3,298,1,0.04488080144778254,0.5726495726495727,0.12
3,299,0,0.4066652414438041,0.9743589743589745,0.12
3,300,0,0.07147111580088189,0.9743589743589745,0.12
3,301,9,0.05818224637225525,0.5641025641025642,0.12
3,302,0,0.06495472249881962,0.982905982905983,0.12
3,303,1,0.017910935765510446,0.5982905982905984,0.07999999999999999
3,304,1,0.22180545250635347,0.0,0.12
3,305,6,0.009550517481654067,0.5726495726495727,0.07999999999999999
3,306,0,0.05855265188626721,0.26495726495726496,0.12
3,307,9,0.012106772819094632,0.6068376068376069,0.07999999999999999
3,308,9,0.005430327751718556,0.5726495726495727,0.07999999999999999
3,309,1,0.0020395167808559796,0.6068376068376069,0.07999999999999999
3,310,9,0.024827458480857236,0.5811965811965812,0.07999999999999999
3,311,0,0.05683781154361925,0.23931623931623935,0.12
3,312,1,0.007250344968715596,0.5897435897435898,0.07999999999999999
3,313,0,0.11834341849992626,0.6153846153846154,0.12
3,314,0,0.25690251818588183,0.5897435897435898,0.12
3,315,1,0.023277242811103476,0.5042735042735044,0.07999999999999999
3,316,9,0.08947693939868552,0.6410256410256411,0.12
3,317,6,0.018080133345985044,0.623931623931624,0.07999999999999999
3,318,6,0.11971529077404464,0.5811965811965812,0.12
3,319,9,0.014652739114479311,0.2478632478632479,0.07999999999999999
3,320,0,0.12028690422159395,0.5897435897435898,0.12
3,321,9,0.017868636370391794,0.6068376068376069,0.07999999999999999
3,322,0,0.04207074973963007,0.06837606837606838,0.12
3,323,0,0.32229509658552424,0.23931623931623935,0.16
3,324,1,0.013292299109311926,0.5897435897435898,0.07999999999999999
3,325,0,0.06735549897852677,0.5042735042735044,0.12
3,326,1,0.05174816540664009,0.4871794871794872,0.12
3,327,0,0.11322747814435984,0.23076923076923078,0.12
3,328,0,0.053636776237343045,0.2991452991452992,0.12
3,329,1,0.0032581966510311336,0.6153846153846154,0.07999999999999999
3,330,0,0.0739862149700989,0.5555555555555556,0.12
3,331,0,0.3298403940931753,0.1965811965811966,0.16
3,332,0,0.10302417810560444,0.5641025641025642,0.07999999999999999
3,333,0,0.06815575780509582,0.5299145299145299,0.12
3,334,0,0.06495472249881962,0.5128205128205129,0.12
3,335,6,0.2614754257662764,0.9401709401709403,0.12
3,336,0,0.04883522327792874,0.1965811965811966,0.12
3,337,1,0.025209296263820184,0.6581196581196582,0.07999999999999999
3,338,1,0.02688869657272009,0.5897435897435898,0.07999999999999999
3,339,0,0.08095989903020062,0.5726495726495727,0.12
3,340,1,0.0017834339563538837,0.6153846153846154,0.07999999999999999
3,341,0,0.1803063162142727,0.5042735042735044,0.12
3,342,4,0.017305025511108164,0.6153846153846154,0.07999999999999999
3,343,9,0.024827458480857236,0.5811965811965812,0.07999999999999999
3,344,0,0.08827655115883194,0.35897435897435903,0.12
3,345,4,0.007964861778152248,0.5555555555555556,0.07999999999999999
3,346,1,0.01992187187398896,0.5384615384615385,0.07999999999999999
3,347,0,0.08644738812667412,0.6324786324786326,0.12
3,348,9,0.011768377658145434,0.5897435897435898,0.07999999999999999
3,349,9,0.0512337133038457,0.5299145299145299,0.12
3,350,0,0.0954788805979534,0.3760683760683761,0.12
3,351,0,0.06702167672515796,0.08547008547008547,0.12
3,352,0,0.1653300438884805,0.5641025641025642,0.16
3,353,0,0.11365618823002183,0.47008547008547014,0.12
3,354,0,0.08827655115883194,0.6068376068376069,0.12
3,355,0,0.20831537514418946,0.5982905982905984,0.12
3,356,9,0.004633498605834801,0.6068376068376069,0.04
3,357,4,0.0019629205788843705,0.6153846153846154,0.07999999999999999
3,358,0,0.08850519653785167,0.5811965811965812,0.12
3,359,9,0.005306859247047903,0.5555555555555556,0.04
3,360,0,0.07924505868755266,0.41880341880341887,0.12
3,361,9,0.014794499249471543,0.5555555555555556,0.07999999999999999
3,362,9,0.024104939083154895,0.5897435897435898,0.12
3,363,0,0.07890209061902306,1.0,0.12
3,364,0,0.0954788805979534,0.5811965811965812,0.12
3,365,3,0.9366389357929479,0.18803418803418806,0.19999999999999998
3,366,9,0.011041285352862697,0.5384615384615385,0.07999999999999999
3,367,1,0.023208649197397558,0.5299145299145299,0.07999999999999999
3,368,11,0.018539710557814698,0.5641025641025642,0.07999999999999999
3,369,9,0.007028558951066459,0.5811965811965812,0.07999999999999999
3,370,1,0.01792236803446143,0.8974358974358976,0.07999999999999999
3,371,1,0.006025948964064949,0.6153846153846154,0.07999999999999999
3,372,0,0.05580890733803047,0.09401709401709403,0.12
3,373,0,0.052818225780452414,0.27350427350427353,0.12
3,374,4,0.39980588007321227,0.41880341880341887,0.12
3,375,6,0.9718240299433988,0.7606837606837608,0.19999999999999998
3,376,6,0.6695559821062126,0.35897435897435903,0.19999999999999998
3,377,9,0.013973662338790717,0.4871794871794872,0.07999999999999999
3,378,9,0.03996492579885837,0.6666666666666667,0.12
3,379,1,0.00845073320856917,0.5299145299145299,0.07999999999999999
3,380,0,0.10839734451256806,0.23076923076923078,0.12
3,381,1,0.0018005823597803633,0.6153846153846154,0.07999999999999999
3,382,0,0.05453306612310038,0.8717948717948719,0.12
3,383,15,0.030907139108991823,0.5213675213675214,0.07999999999999999
3,384,6,0.01537068560460126,0.4871794871794872,0.07999999999999999
3,385,9,0.02074842491914528,0.623931623931624,0.07999999999999999
3,386,1,0.019410849451879864,0.8803418803418804,0.07999999999999999
3,387,0,0.11880070925796572,0.9316239316239318,0.12
3,388,9,0.03489928742667628,0.5811965811965812,0.12
3,389,0,0.06502903224700103,0.9743589743589745,0.12
3,390,6,0.03900347198008041,0.5811965811965812,0.07999999999999999
3,391,0,0.09925953194004461,0.5042735042735044,0.12
3,392,0,0.06026749222891518,0.10256410256410257,0.12
3,393,0,0.0675841443575465,0.0,0.12
3,394,1,0.0037292061318117747,0.8547008547008548,0.07999999999999999
3,395,9,0.009879766827442476,0.10256410256410257,0.07999999999999999
3,396,9,0.018846095365701136,0.6837606837606838,0.07999999999999999
3,397,9,0.061480455964614836,0.9059829059829061,0.12
3,398,0,0.0707851796638227,0.5811965811965812,0.12
3,399,0,0.20545730790644287,0.33333333333333337,0.12
3,400,9,0.02175789426751738,0.46153846153846156,0.07999999999999999
3,401,1,0.014149719280635908,0.4786324786324787,0.07999999999999999
3,402,9,0.0028980801790750607,0.623931623931624,0.07999999999999999
3,403,0,0.056266198096069926,0.5299145299145299,0.12
3,404,9,0.006287747923042538,0.5897435897435898,0.07999999999999999
3,405,0,0.09364971756579557,0.13675213675213677,0.12
3,406,1,0.0023596203114836,0.6324786324786326,0.07999999999999999
3,407,0,0.3714732879319826,0.9059829059829061,0.16
3,408,1,0.018080133345985044,0.2478632478632479,0.07999999999999999
3,409,0,0.04369070224998485,0.9914529914529916,0.12
3,410,0,0.07297217271414641,0.20512820512820515,0.12
3,411,1,0.0066947366976976555,0.5384615384615385,0.07999999999999999
3,412,0,0.12543142524953785,0.6068376068376069,0.12
3,413,15,0.01664081068505585,0.8974358974358976,0.07999999999999999
3,414,1,0.04127506382064142,0.5641025641025642,0.12
3,415,0,0.04692489113621891,0.5811965811965812,0.07999999999999999
3,416,9,0.00776936997909038,0.5555555555555556,0.07999999999999999
3,417,0,0.07924505868755266,0.6666666666666667,0.12
3,418,1,0.09813116699458224,0.22222222222222224,0.12
3,419,0,0.30983392342894905,0.3418803418803419,0.12
3,420,9,0.09273170636903136,0.888888888888889,0.12
3,421,1,0.01256520680402919,0.5470085470085471,0.07999999999999999
3,422,9,0.009652264675317846,0.5897435897435898,0.07999999999999999
3,423,1,0.0007842536500376694,0.5897435897435898,0.07999999999999999
3,424,9,0.03686220800556065,0.4871794871794872,0.12
3,425,15,0.2315560346946498,0.7094017094017094,0.12
3,426,0,0.11559967395168952,0.25641025641025644,0.12
3,427,9,0.015989171354849625,0.6068376068376069,0.07999999999999999
3,428,1,0.00127241153424479,0.5982905982905984,0.04
3,429,9,0.013319736554794293,0.25641025641025644,0.07999999999999999
3,430,9,0.027020167665656434,0.5641025641025642,0.07999999999999999
3,431,8,0.0016885461240606961,0.6153846153846154,0.07999999999999999
3,432,9,0.11765748236286708,0.6410256410256411,0.12
3,433,1,0.026033562855186307,0.5555555555555556,0.07999999999999999
3,434,0,0.04483392914508349,0.5897435897435898,0.12
3,435,6,0.03387724258245809,0.8717948717948719,0.07999999999999999
3,436,4,0.017481082452953354,0.623931623931624,0.07999999999999999
3,437,1,0.012996203343481377,0.5641025641025642,0.07999999999999999
3,438,9,0.041475128527283675,0.5811965811965812,0.12
3,439,6,0.0707908957982982,0.5811965811965812,0.12
3,440,9,0.039727134604677854,0.5299145299145299,0.12
3,441,9,0.003411389054974352,0.5726495726495727,0.07999999999999999
3,442,0,0.08061693096167104,0.5470085470085471,0.12
3,443,0,0.1242881983544392,0.3418803418803419,0.12
3,444,9,0.014475538945739021,0.5128205128205129,0.07999999999999999
3,445,0,0.04649160814297652,0.08547008547008547,0.12
3,446,9,0.0499693043578666,0.6068376068376069,0.12
3,447,9,0.02422383468024515,0.9487179487179488,0.12
3,448,6,0.37552374082131706,0.03418803418803419,0.16
3,449,4,0.0206432480447962,0.0,0.07999999999999999
3,450,0,0.1332876804726557,0.26495726495726496,0.12
3,451,1,0.005407463213816583,0.5726495726495727,0.07999999999999999
3,452,0,0.17699095821848665,0.26495726495726496,0.12
3,453,9,0.028114235804265836,0.7179487179487181,0.12
3,454,9,0.018626595801842196,0.27350427350427353,0.07999999999999999
3,455,3,0.03304954631040668,0.9743589743589745,0.07999999999999999
3,456,9,0.01582454668195542,0.5299145299145299,0.07999999999999999
3,457,0,0.09079165032804896,0.27350427350427353,0.12
3,458,1,0.004922735010294758,0.5726495726495727,0.07999999999999999
3,459,1,0.04168319582219163,0.888888888888889,0.07999999999999999
3,460,9,0.020171095337120463,0.5726495726495727,0.07999999999999999
3,461,0,0.07901641330853293,0.5042735042735044,0.12
3,462,9,0.010223878122867167,0.5811965811965812,0.07999999999999999
3,463,9,0.028257139166153168,0.5384615384615385,0.12
3,464,9,0.010898381990975366,0.5897435897435898,0.07999999999999999
3,465,6,0.006993118917318401,0.5641025641025642,0.04
3,466,9,0.02539907192840656,0.6324786324786326,0.07999999999999999
3,467,9,0.05391000746527162,0.4786324786324787,0.12
3,468,6,0.04540554259263281,0.5811965811965812,0.12
3,469,9,0.014588718408353787,0.11111111111111112,0.07999999999999999
3,470,9,0.027820426492225485,0.5384615384615385,0.07999999999999999
3,471,0,0.19402503895545645,0.4786324786324787,0.12
3,472,0,0.07901641330853293,0.09401709401709403,0.12
3,473,9,0.05227290655149036,0.4273504273504274,0.12
3,474,9,0.011281363000833412,0.5641025641025642,0.07999999999999999
3,475,6,0.5423434093541111,0.7350427350427351,0.16
3,476,1,0.0009363028270857888,0.5897435897435898,0.07999999999999999
3,477,9,0.02437016772281778,0.5897435897435898,0.12
3,478,4,0.03544003374805794,0.2991452991452992,0.12
3,479,9,0.04992700496274795,0.6666666666666667,0.12
3,480,6,0.03397327364164638,0.5982905982905984,0.12
3,481,0,0.11890817258610499,0.6495726495726496,0.12
3,482,0,0.45010786345755255,0.9658119658119659,0.12
3,483,0,0.23632443407410625,0.2991452991452992,0.12
3,484,9,0.020254550900462662,0.5726495726495727,0.07999999999999999
3,485,9,0.024827458480857236,0.9145299145299146,0.07999999999999999
3,486,0,0.0984226898528324,0.025641025641025644,0.12
3,487,0,0.07581537800225673,0.5042735042735044,0.12
3,488,0,0.07924505868755266,0.06837606837606838,0.12
3,489,0,0.09689533872098062,0.2136752136752137,0.12
3,490,0,0.11274160671394291,0.5213675213675214,0.12
3,491,0,0.07581537800225673,0.5982905982905984,0.12
3,492,0,0.22123383905880414,0.6324786324786326,0.12
3,493,0,0.32320967810160317,0.9743589743589745,0.16
3,494,0,0.08290338475186831,0.5042735042735044,0.12
3,495,0,0.053979744305872636,0.5811965811965812,0.12
3,496,9,0.018196742489285104,0.6324786324786326,0.07999999999999999
3,497,9,0.008515897141589793,0.5299145299145299,0.07999999999999999
3,498,1,0.016644240365741147,0.5897435897435898,0.07999999999999999
3,499,0,0.430109395381592,0.9487179487179488,0.16
3,500,0,0.11397057562617395,0.5811965811965812,0.12
3,501,0,0.0755913055308174,0.5897435897435898,0.12
3,502,9,0.00654726042822993,0.5811965811965812,0.07999999999999999
3,503,7,0.011979874633738683,0.5897435897435898,0.07999999999999999
3,504,15,0.128330648655508,0.6068376068376069,0.12
3,505,15,0.05869212556746924,0.6410256410256411,0.12
3,506,7,0.03900347198008041,0.5811965811965812,0.07999999999999999
3,507,0,0.06958593465086423,0.5726495726495727,0.12
3,508,7,0.12804141225104804,0.5811965811965812,0.12
3,509,7,0.011769520885040533,0.6068376068376069,0.07999999999999999
3,510,9,0.004913589195133969,0.5726495726495727,0.07999999999999999
3,511,9,0.013756449228721974,0.5128205128205129,0.12
3,512,4,0.0053926012641803,0.9401709401709403,0.07999999999999999
3,513,9,0.12804141225104804,0.5811965811965812,0.12
3,514,9,0.014252609701194786,0.4786324786324787,0.07999999999999999
3,515,0,0.07272866538549039,0.17948717948717952,0.12
3,516,9,0.009965508844574873,0.5982905982905984,0.07999999999999999
3,517,4,0.0022029982268550858,0.5982905982905984,0.07999999999999999
3,518,9,0.634445197703943,0.35042735042735046,0.16
3,519,9,0.5274437332302905,0.6495726495726496,0.16
3,520,6,0.031229529093409637,0.5897435897435898,0.07999999999999999
3,521,9,0.013395189529870804,0.5897435897435898,0.07999999999999999
3,522,6,0.00882228194947623,0.5811965811965812,0.07999999999999999
3,523,1,0.01079549157041649,0.6153846153846154,0.07999999999999999
3,524,9,0.15299919859794653,0.5811965811965812,0.12
3,525,9,0.01003638891207099,0.5982905982905984,0.07999999999999999
3,526,9,0.008406147359660325,0.5213675213675214,0.07999999999999999
3,527,9,0.010413653787453542,0.6068376068376069,0.07999999999999999
3,528,9,0.012415444080771266,0.5384615384615385,0.07999999999999999
3,529,9,0.016274978078624287,0.06837606837606838,0.07999999999999999
3,530,9,0.1643011396828917,0.5726495726495727,0.16
3,531,9,0.07764797071509985,0.5470085470085471,0.12
3,532,1,0.007831104231425707,0.5384615384615385,0.07999999999999999
3,533,4,0.01328086684036094,0.5897435897435898,0.07999999999999999
3,534,1,0.0007030845404856658,0.5897435897435898,0.07999999999999999
3,535,3,0.016824870215166734,0.9401709401709403,0.07999999999999999
3,536,1,0.0019194779568706224,0.6153846153846154,0.07999999999999999
3,537,0,0.08336067550990778,0.5042735042735044,0.12
3,538,10,0.011108735739673517,0.9401709401709403,0.07999999999999999
3,539,1,0.0013604400051673857,0.5982905982905984,0.04
3,540,0,0.1006234016258973,0.07692307692307693,0.12
3,541,4,0.002628278631831781,0.6153846153846154,0.07999999999999999
3,542,0,0.07615834607078632,0.5897435897435898,0.12
3,543,1,0.0005921915316610973,0.5897435897435898,0.07999999999999999
3,544,9,0.12634600676561675,0.6153846153846154,0.12
3,545,0,0.02471656547203267,0.26495726495726496,0.12
3,546,9,0.45696722482814445,0.6068376068376069,0.12
3,547,3,0.027003019262229956,0.5726495726495727,0.07999999999999999
3,548,3,0.01089495231029007,0.9401709401709403,0.07999999999999999
3,549,9,0.014257182608775181,0.5811965811965812,0.07999999999999999
3,550,9,0.017968097110265376,0.9743589743589745,0.07999999999999999
3,551,6,0.03457346776157317,0.5470085470085471,0.12
3,552,9,0.0226667596491208,0.3076923076923077,0.07999999999999999
3,553,0,0.042890443423415796,0.6153846153846154,0.12
3,554,1,0.029614149490635257,0.6068376068376069,0.07999999999999999
3,555,0,0.025284749238896693,0.623931623931624,0.07999999999999999
3,556,3,0.5141285695830765,0.9572649572649574,0.12
3,557,9,0.021397777795561308,0.4444444444444445,0.07999999999999999
3,558,6,0.10178377692442242,0.5811965811965812,0.12
3,559,0,0.05568772528715001,0.982905982905983,0.12
3,560,6,0.38837361112222585,0.9401709401709403,0.12
3,561,6,0.33692840084278686,0.5982905982905984,0.16
3,562,0,0.26833478713686826,0.9658119658119659,0.12
3,563,6,0.035512057042449155,0.5897435897435898,0.12
3,564,9,0.10178377692442242,0.5811965811965812,0.12
4,565,0,0.01719756218296889,0.46153846153846156,0.04
4,566,0,0.001974352847835357,0.4871794871794872,0.0
4,567,1,0.09418703420649192,0.9914529914529916,0.12
4,568,0,0.015853127354332888,0.6324786324786326,0.04
4,569,0,0.09809801341462439,0.5470085470085471,0.28
4,570,0,0.22055018937553517,0.5470085470085471,0.36000000000000004
4,571,0,0.05449876931624742,0.6837606837606838,0.07999999999999999
4,572,0,0.10733985963460183,0.5470085470085471,0.32
4,573,0,0.026902415295461276,0.11965811965811968,0.12
4,574,0,0.06408929973922994,0.042735042735042736,0.12
4,575,13,0.037593873218423786,0.5384615384615385,0.12
4,576,0,0.09852558027339128,0.9743589743589745,0.24000000000000002
4,577,0,0.12953446657604686,0.4957264957264958,0.07999999999999999
4,578,4,0.08198194387441882,0.888888888888889,0.12
4,579,0,0.008571915259449628,0.08547008547008547,0.12
4,580,0,0.11859035550926757,0.5128205128205129,0.12
4,581,4,0.025984404098697064,0.25641025641025644,0.07999999999999999
4,582,0,0.016301272297211556,0.17094017094017094,0.12
4,583,0,0.23524294143134292,0.4273504273504274,0.32
4,584,0,0.15721999229465072,0.5726495726495727,0.28
4,585,9,0.15103284833837685,0.41880341880341887,0.24000000000000002
4,586,9,0.19003974999914255,0.1452991452991453,0.16
4,587,13,0.06053500732236826,0.35897435897435903,0.16
4,588,0,0.024674266076914017,0.09401709401709403,0.12
4,589,0,0.34866705460165975,0.4444444444444445,0.28
4,590,0,0.00941218702734713,0.17094017094017094,0.04
4,591,1,0.0674995455673092,0.27350427350427353,0.0
4,592,0,0.13765709366572274,0.9572649572649574,0.24000000000000002
4,593,0,0.07536151692490257,0.982905982905983,0.19999999999999998
4,594,0,0.20234887397866966,0.5470085470085471,0.24000000000000002
4,595,0,0.3088198811729965,0.6068376068376069,0.52
4,596,0,0.02079644044873942,0.1965811965811966,0.12
4,597,9,0.2162322213927476,0.8034188034188035,0.12
4,598,9,0.07821729770885898,0.25641025641025644,0.12
4,599,0,0.029395793153671416,0.46153846153846156,0.12
4,600,0,0.050186517467935336,0.1452991452991453,0.16
4,601,1,0.013292299109311926,0.025641025641025644,0.04
4,602,1,0.27183877757034564,0.2820512820512821,0.19999999999999998
4,603,9,0.03290207004093895,0.888888888888889,0.07999999999999999
4,604,0,0.009351596001906902,0.5641025641025642,0.07999999999999999
4,605,0,0.058003902976619864,0.20512820512820515,0.16
4,606,14,0.026464559394638494,0.8461538461538463,0.04
4,607,0,0.039489343410497334,0.8461538461538463,0.04
4,608,1,0.14166181747925327,0.23076923076923078,0.07999999999999999
4,609,0,0.16139848659623626,0.05982905982905984,0.19999999999999998
4,610,1,0.034156189944862164,0.4957264957264958,0.12
4,611,0,0.14615355595009585,0.5641025641025642,0.24000000000000002
4,612,0,0.08776781519051305,0.1452991452991453,0.12
4,613,1,0.0011683778867908135,0.8119658119658121,0.0
4,614,4,0.21140208776095581,0.25641025641025644,0.28
4,615,0,0.17539044056534855,0.7692307692307693,0.24000000000000002
4,616,0,0.13436460020783864,0.5042735042735044,0.19999999999999998
4,617,0,0.20882182465871818,0.5384615384615385,0.4
4,618,0,0.16891063052392943,0.20512820512820515,0.16
4,619,0,0.07758280678207924,0.4102564102564103,0.19999999999999998
4,620,0,0.25199007221764297,0.9487179487179488,0.32
4,621,8,0.0001188955970902589,0.47008547008547014,0.0
4,622,0,0.14099302974562056,0.5213675213675214,0.24000000000000002
4,623,0,0.05613815668381888,0.26495726495726496,0.19999999999999998
4,624,0,0.052498122249824794,0.35042735042735046,0.16
4,625,0,0.06314385109698337,0.6666666666666667,0.16
4,626,9,0.148960177977563,0.5982905982905984,0.16
4,627,0,0.06442540844638894,0.45299145299145305,0.16
4,628,0,0.046212660780572457,0.4957264957264958,0.07999999999999999
4,629,0,0.04636013705004018,0.26495726495726496,0.19999999999999998
4,630,0,0.10647672332880234,0.4102564102564103,0.16
4,631,0,0.02658002531104346,0.05128205128205129,0.07999999999999999
4,632,0,0.046888307875575755,0.5042735042735044,0.19999999999999998
4,633,8,0.1123289018048123,0.7606837606837608,0.04
4,634,0,0.004249374369081657,0.08547008547008547,0.12
4,635,0,0.007818528735579621,0.07692307692307693,0.07999999999999999
4,636,0,0.007180608128114579,0.07692307692307693,0.07999999999999999
4,637,0,0.004465444252255301,0.2478632478632479,0.07999999999999999
4,638,0,0.008707959259966366,0.1965811965811966,0.12
4,639,0,0.01628069421309978,0.5470085470085471,0.04
4,640,1,0.04103841585335599,0.5641025641025642,0.32
4,641,0,0.1249604157687572,0.8034188034188035,0.28
4,642,0,0.03443170762658094,0.5042735042735044,0.12
4,643,0,0.1264820507661335,0.35042735042735046,0.19999999999999998
4,644,1,0.298162720056887,0.1965811965811966,0.07999999999999999
4,645,0,0.3475981374547425,0.9059829059829061,0.44
4,646,0,0.0668216120185157,0.1965811965811966,0.19999999999999998
4,647,4,0.09909033435957001,0.35897435897435903,0.16
4,648,0,0.17654052682181778,0.9316239316239318,0.4
4,649,0,0.13242911707443664,0.8205128205128206,0.36000000000000004
4,650,0,0.08567913965316783,0.7948717948717949,0.12
4,651,8,0.34966394845418575,0.9145299145299146,0.16
4,652,0,0.17217454330943607,0.5042735042735044,0.32
4,653,0,0.4808435185322796,0.25641025641025644,0.28
4,654,0,0.04987555975246851,0.10256410256410257,0.16
4,655,0,0.2539689979730587,0.5470085470085471,0.4
5,656,7,0.006271742746511157,0.6495726495726496,0.0
5,657,0,0.12436936746399122,0.5641025641025642,0.07999999999999999
5,658,1,0.03520224255387742,0.6495726495726496,0.04
5,659,1,0.01717469764506692,0.6495726495726496,0.04
5,660,1,0.0059036236862893944,0.6495726495726496,0.0
5,661,1,0.008167212938584708,0.6495726495726496,0.04
5,662,1,0.01428347682736245,0.6495726495726496,0.04
5,663,1,0.0650564696924834,0.6495726495726496,0.04
5,664,1,0.05625705228090914,0.6495726495726496,0.04
5,665,1,0.009705996339387481,0.5641025641025642,0.0
5,666,1,0.013446634740150242,0.6495726495726496,0.0
5,667,1,0.017642277445162263,0.5641025641025642,0.04
5,668,1,0.053722518254475445,0.6495726495726496,0.04
5,669,1,0.005127372624517415,0.6495726495726496,0.0
5,670,3,0.020793010768054124,0.5641025641025642,0.0
5,671,4,0.008352415695590688,0.6495726495726496,0.07999999999999999
5,672,5,0.006911949807766398,0.1623931623931624,0.04
5,673,1,0.04118360566903352,0.6495726495726496,0.04
5,674,1,0.17082210589253438,0.6495726495726496,0.28
5,675,5,0.004081320015502157,0.6495726495726496,0.0
5,676,5,0.10336371649344873,0.6495726495726496,0.04
5,677,9,0.00776136739082469,0.1623931623931624,0.04
5,678,9,0.06938701317111706,0.6495726495726496,0.19999999999999998
5,679,9,0.0492925140359682,0.6495726495726496,0.07999999999999999
5,680,9,0.010936108478513623,0.6495726495726496,0.04
5,681,9,0.04753308784441139,0.1623931623931624,0.07999999999999999
5,682,1,0.07301790178995035,0.6068376068376069,0.16
5,683,6,0.004992471850895776,0.6495726495726496,0.04
5,684,6,0.17398541471127232,0.1623931623931624,0.07999999999999999
5,685,6,0.30838659817975417,0.6495726495726496,0.16
5,686,6,0.013630694270261125,0.6495726495726496,0.04
5,687,6,0.04108528815605504,0.6495726495726496,0.12
5,688,6,0.05946951985613632,0.5641025641025642,0.04
5,689,6,0.01275726892240576,0.6495726495726496,0.0
5,690,6,0.021888222133558625,0.38461538461538464,0.04
5,691,6,0.048431664183958924,0.6495726495726496,0.0
5,692,6,0.008154637442738623,0.6495726495726496,0.04
5,693,6,0.06533884673557276,0.6495726495726496,0.07999999999999999
5,694,0,0.034674071728341846,0.6495726495726496,0.12
5,695,0,0.13807780116311902,0.6495726495726496,0.07999999999999999
5,696,0,0.02144465009826035,0.6495726495726496,0.04
5,697,0,0.021051380046346418,0.1623931623931624,0.04
5,698,0,0.015611906479467072,0.6495726495726496,0.0
5,699,0,0.10686999338071627,0.38461538461538464,0.07999999999999999
5,700,0,0.01278241991409793,0.6495726495726496,0.0
5,701,0,0.1467891901037707,0.5641025641025642,0.12
5,702,0,0.027400862221724283,0.5641025641025642,0.04
5,703,0,0.03918981796398149,0.5641025641025642,0.0
5,704,0,0.019168485350118954,0.5641025641025642,0.0
5,705,0,0.02666233764749056,0.6495726495726496,0.0
5,706,0,0.03132670337949302,0.1623931623931624,0.04
5,707,0,0.012560633896448794,0.6495726495726496,0.0
5,708,0,0.11677605442674602,0.38461538461538464,0.12
5,709,0,0.02604728157792749,0.6495726495726496,0.04
5,710,0,0.013495793496639484,0.1623931623931624,0.12
5,711,0,0.017298166149737573,0.6495726495726496,0.0
5,712,0,0.02591238080430585,0.6495726495726496,0.0
5,713,0,0.01679400308899907,0.6495726495726496,0.04
5,714,0,0.00965683758289824,0.6495726495726496,0.0
5,715,0,0.026145599090905972,0.6495726495726496,0.04
5,716,0,0.04227881703453802,0.1623931623931624,0.07999999999999999
5,717,0,0.03263112526680057,0.6495726495726496,0.04
5,718,0,0.02924717365730859,0.1623931623931624,0.04
5,719,0,0.0321018112143699,0.1623931623931624,0.04
5,720,0,0.020485482733272588,0.1623931623931624,0.04
5,721,0,0.13854538096321437,0.5641025641025642,0.07999999999999999
5,722,0,0.03584244961513266,0.5641025641025642,0.07999999999999999
5,723,0,0.18263621262648375,0.5641025641025642,0.12
5,724,0,0.10125903577957214,0.6495726495726496,0.04
5,725,0,0.015440422445202277,0.1623931623931624,0.0
5,726,0,0.1375107606231501,0.38461538461538464,0.04
5,727,0,0.15871418984654465,0.6495726495726496,0.07999999999999999
5,728,0,0.03431624171017597,0.5641025641025642,0.04
5,729,0,0.019328537115432764,0.1623931623931624,0.04
5,730,0,0.14377450078139556,0.5641025641025642,0.12
5,731,0,0.03300038755391743,0.1623931623931624,0.04
5,732,0,0.075343225294581,0.6495726495726496,0.0
5,733,0,0.11048830650370349,0.5641025641025642,0.07999999999999999
5,734,0,0.03190517618841293,0.1623931623931624,0.0
5,735,0,0.1777992196333214,0.9658119658119659,0.04
5,736,0,0.10789203822493447,0.6495726495726496,0.07999999999999999
5,737,0,0.016584792567196017,0.6495726495726496,0.0
5,738,0,0.10877803906863591,0.5641025641025642,0.12
5,739,0,0.15635113985437574,0.5641025641025642,0.04
5,740,0,0.04309050813005806,0.6495726495726496,0.0
5,741,0,0.015710223992445555,0.5641025641025642,0.0
5,742,1,0.0360642356327818,0.6495726495726496,0.04
5,743,1,0.013606686505464052,0.6495726495726496,0.04
5,744,1,0.055285309420075285,0.1623931623931624,0.16
6,745,0,0.015123748595259952,0.5042735042735044,0.07999999999999999
6,746,6,0.020116220446155728,0.5726495726495727,0.07999999999999999
6,747,0,0.03458032712294376,0.5470085470085471,0.12
6,748,6,0.03713543923348923,0.5128205128205129,0.12
6,749,4,0.040759468490951925,0.5811965811965812,0.12
6,750,0,0.04082120274328725,0.5811965811965812,0.12
6,751,6,0.042530326951459724,0.623931623931624,0.12
6,752,9,0.043886194049046715,0.5641025641025642,0.12
6,753,0,0.04490023630499921,0.5726495726495727,0.12
6,754,6,0.046934036951379696,0.5811965811965812,0.07999999999999999
6,755,6,0.04783947265229782,0.5555555555555556,0.12
6,756,4,0.050380866040102106,0.5982905982905984,0.12
6,757,0,0.05319434742893987,0.6153846153846154,0.12
6,758,4,0.053416133446589006,0.5555555555555556,0.12
6,759,4,0.055144692511978156,0.5042735042735044,0.12
6,760,6,0.05682637927466826,0.45299145299145305,0.12
6,761,1,0.059734748495799204,0.5555555555555556,0.12
6,762,0,0.061011732937624394,0.623931623931624,0.12
6,763,6,0.06209322558038771,0.5555555555555556,0.12
6,764,0,0.06633459736120369,0.5726495726495727,0.12
6,765,1,0.06662612021945384,0.6153846153846154,0.07999999999999999
6,766,6,0.07377814767519095,0.5982905982905984,0.12
6,767,6,0.07975036497518626,0.6153846153846154,0.12
6,768,0,0.08648054170663197,0.5641025641025642,0.12
6,769,0,0.08800560638469357,0.6068376068376069,0.12
6,770,0,0.0915061671374856,0.6153846153846154,0.12
6,771,4,0.0944625518882107,0.6068376068376069,0.12
6,772,4,0.09989287963992925,0.5299145299145299,0.12
6,773,4,0.1063543980510268,0.5897435897435898,0.12
6,774,4,0.10656818148041024,0.5897435897435898,0.12
6,775,6,0.11897790942670601,0.5982905982905984,0.12
6,776,6,0.11933459621797679,0.5897435897435898,0.12
6,777,4,0.12061958324806767,0.5982905982905984,0.12
6,778,1,0.123532525376779,0.6495726495726496,0.12
6,779,4,0.12886110593483377,0.6153846153846154,0.12
6,780,0,0.13781943188482673,0.5042735042735044,0.12
6,781,4,0.14605981134469775,0.5470085470085471,0.12
6,782,0,0.14754600630832598,0.6068376068376069,0.12
6,783,1,0.1632836677462539,0.5982905982905984,0.16
6,784,0,0.2178235932307249,0.5726495726495727,0.12
6,785,0,0.2854831905633479,0.5555555555555556,0.12
6,786,0,0.2934857788290384,0.5470085470085471,0.12
6,787,4,0.3184024090077134,0.5555555555555556,0.16
6,788,9,0.45897130157525234,0.6923076923076924,0.12
7,789,0,0.07350948935484276,0.1965811965811966,0.0
7,790,0,0.09812087795252636,0.09401709401709403,0.28
7,791,0,0.17195504374557713,0.5982905982905984,0.16
7,792,0,0.3811495603720975,0.3247863247863248,0.07999999999999999
7,793,0,0.17195504374557713,0.5470085470085471,0.19999999999999998
7,794,0,0.8364556765216635,0.5897435897435898,0.4
7,795,0,0.4426768886394114,0.5128205128205129,0.19999999999999998
7,796,0,0.25809376061057465,0.5555555555555556,0.04
7,797,0,0.8733727594181889,0.6752136752136753,0.48000000000000004
7,798,0,0.467288277237095,0.5982905982905984,0.7999999999999999
7,799,0,0.6026497712974596,0.6495726495726496,1.0
7,800,0,0.07350948935484276,0.47008547008547014,0.04
7,801,0,0.5534281373289875,0.4444444444444445,0.16
7,802,0,0.3319267831767303,0.8119658119658121,0.72
7,803,0,0.2088709834152074,0.5299145299145299,0.07999999999999999
8,804,6,0.20044768765212062,0.5897435897435898,0.0
8,805,1,0.0033347928530027427,0.5982905982905984,0.0
8,806,7,0.03247907608975245,0.5811965811965812,0.04
8,807,1,0.003106147473983014,0.6068376068376069,0.0
8,808,7,0.01037364084612509,0.6153846153846154,0.0
8,809,1,0.00027094477413837847,0.5897435897435898,0.0
8,810,1,0.003939559880509925,0.5555555555555556,0.0
8,811,9,0.005218830776125307,0.5811965811965812,0.0
8,812,1,0.010987553688793061,0.5897435897435898,0.0
8,813,9,0.006112834208092446,0.6153846153846154,0.0
8,814,9,0.004673511547163254,0.5982905982905984,0.0
8,815,1,0.0004378559008227804,0.5897435897435898,0.0
8,816,1,8.345556334220098e-05,0.5897435897435898,0.0
8,817,1,0.0008014020534641489,0.5897435897435898,0.0
8,818,9,0.0038469585020069344,0.5726495726495727,0.0
8,819,9,0.006937100799458568,0.5555555555555556,0.0
8,820,1,0.0004172778167110048,0.5897435897435898,0.0
8,821,7,0.0025974115056641178,0.6153846153846154,0.0
8,822,1,9.488783229318743e-05,0.5897435897435898,0.0
8,823,9,0.039978644521599556,0.5811965811965812,0.0
8,824,9,0.008616501108358475,0.5128205128205129,0.0
8,825,9,0.0037829377958814112,0.5641025641025642,0.0
8,826,9,0.021907656990775303,0.4871794871794872,0.0
8,827,6,0.006351768629168062,0.5897435897435898,0.0
8,828,7,0.11742197762247676,0.6410256410256411,0.0
8,829,15,0.01782976665595844,0.6068376068376069,0.0
8,830,15,0.01696205744257857,0.5726495726495727,0.0
8,831,1,0.004323684117263069,0.6068376068376069,0.0
8,832,9,0.029979982097066822,0.5897435897435898,0.0
8,833,9,0.006983973102157612,0.5641025641025642,0.0
8,834,9,0.00531714828910379,0.5555555555555556,0.0
8,835,1,0.019362833922285723,0.5299145299145299,0.0
8,836,9,0.009014344067852802,0.5897435897435898,0.0
8,837,9,0.03768418814313657,0.5982905982905984,0.0
8,838,9,0.020727846835033502,0.4957264957264958,0.0
8,839,6,0.015853127354332888,0.5213675213675214,0.0
8,840,7,0.04753308784441139,0.5555555555555556,0.0
8,841,6,0.006169995552847378,0.5811965811965812,0.0
8,842,9,0.00801287730774639,0.5470085470085471,0.0
8,843,1,0.005827027484317785,0.5897435897435898,0.0
8,844,1,0.007615034348252062,0.5811965811965812,0.0
8,845,1,0.0006596419184719172,0.5897435897435898,0.0
8,846,1,0.0002263589252295314,0.5897435897435898,0.0
8,847,1,0.010311906593789763,0.6153846153846154,0.0
8,848,6,0.009453343195570682,0.5897435897435898,0.0
8,849,9,0.007047993808283136,0.5811965811965812,0.0
8,850,9,0.03236132371955729,0.5811965811965812,0.0
8,851,9,0.018747777852722653,0.5897435897435898,0.0
8,852,9,0.012023317255752432,0.5897435897435898,0.0
8,853,1,0.02996626337432564,0.5897435897435898,0.0
8,854,1,0.10518259048355068,0.5982905982905984,0.0
8,855,6,0.05489432582195155,0.5128205128205129,0.0
8,856,1,0.003055845490598674,0.6068376068376069,0.0
8,857,1,0.004249374369081657,0.5982905982905984,0.0
8,858,7,0.0014667601064115594,0.6068376068376069,0.0
8,859,9,0.004249374369081657,0.5982905982905984,0.0
8,860,7,0.013691285295701352,0.5384615384615385,0.0
8,861,7,0.004564904992128883,0.5811965811965812,0.0
8,862,7,0.03127525816921358,0.5897435897435898,0.0
8,863,9,0.02233865353022749,0.5384615384615385,0.0
8,864,9,0.018635741617002984,0.5811965811965812,0.0
8,865,9,0.011307657219420682,0.6324786324786326,0.0
8,866,9,0.011307657219420682,0.6324786324786326,0.0
8,867,9,0.07502998112532397,0.5470085470085471,0.0
8,868,9,0.06827008049460569,0.5299145299145299,0.0
8,869,1,1.0,0.6153846153846154,0.0
8,870,1,0.0005396030944865597,0.5897435897435898,0.0
8,871,1,0.0014324632995586003,0.6068376068376069,0.0
8,872,9,0.003822950737209863,0.5641025641025642,0.0
8,873,6,0.04556788081173682,0.5470085470085471,0.0
9,874,6,0.20752083245209593,0.6153846153846154,0.12
9,875,4,0.20283703186287677,0.5555555555555556,0.12
9,876,0,0.06282832047393615,0.5726495726495727,0.12
9,877,6,0.008826854857056626,0.5811965811965812,0.07999999999999999
9,878,4,0.04682428716945023,0.5726495726495727,0.07999999999999999
9,879,0,0.12570008356988602,0.5982905982905984,0.12
9,880,0,0.1799896423643304,0.5982905982905984,0.12
9,881,1,0.3938588137649091,0.7179487179487181,0.16
9,882,0,0.04442579714353328,0.5811965811965812,0.12
9,883,0,0.4562024060353234,0.6837606837606838,0.12
9,884,0,0.04380273848570451,0.5641025641025642,0.12
9,885,4,0.046202371738516566,0.5897435897435898,0.12
9,886,0,0.0794725608396773,0.6153846153846154,0.12
9,887,4,0.07942111562939785,0.6153846153846154,0.12
9,888,1,0.1568953158564427,0.5897435897435898,0.12
9,889,0,0.1438110840420387,0.5641025641025642,0.12
9,890,0,0.23167950319932046,0.5726495726495727,0.12
9,891,0,0.0578049814968727,0.5384615384615385,0.12
9,892,12,0.550710686999338,0.7008547008547009,0.16
9,893,0,0.053626487195287155,0.5811965811965812,0.12
9,894,0,0.1157768741204298,0.5897435897435898,0.12
9,895,0,0.06265340675898605,0.5811965811965812,0.12
9,896,0,0.28049529162003256,0.5555555555555556,0.12
9,897,0,0.04286186275103833,0.6153846153846154,0.12
9,898,9,0.07369926501942914,0.6068376068376069,0.12
9,899,0,0.2569185233624132,0.5897435897435898,0.12
9,900,0,0.12728688250028294,0.5897435897435898,0.12
9,901,0,0.12283630019766394,0.6410256410256411,0.12
9,902,0,0.016322993608218428,0.5897435897435898,0.07999999999999999
9,903,0,0.3149704418686272,0.5641025641025642,0.16
9,904,0,0.033928687792737534,0.5982905982905984,0.07999999999999999
9,905,4,0.04500312672555809,0.5811965811965812,0.12
9,906,4,0.04500426995245319,0.5811965811965812,0.12
9,907,1,0.05062323014186302,0.5470085470085471,0.12
9,908,0,0.10400049387401868,0.5726495726495727,0.12
9,909,1,0.07526777231950448,0.5726495726495727,0.12
9,910,6,0.06837983027653516,0.5470085470085471,0.12
9,911,0,0.27363707347633576,0.5982905982905984,0.12
9,912,0,0.05976332916817667,0.5982905982905984,0.12
9,913,1,0.5754444008747972,0.6666666666666667,0.16
9,914,0,0.2625877855352074,0.6068376068376069,0.12
9,915,0,0.23419917527611786,0.5726495726495727,0.12
9,916,0,0.05887046896310463,0.623931623931624,0.12
9,917,0,0.2714237862074248,0.6153846153846154,0.16
9,918,0,0.06898002439646195,0.5470085470085471,0.12
9,919,0,0.035382872403303005,0.5897435897435898,0.12
9,920,0,0.09756298322771823,0.5470085470085471,0.12
9,921,1,0.2993871160615376,0.5726495726495727,0.12
9,922,0,0.16796518188168286,0.5726495726495727,0.16
9,923,0,0.028247993350992377,0.5384615384615385,0.12
9,924,1,0.28807602916143166,0.5555555555555556,0.12
9,925,0,0.06187372601652877,0.5897435897435898,0.12
9,926,0,0.029438092548790065,0.6410256410256411,0.12
9,927,4,0.8521476088837875,0.6068376068376069,0.19999999999999998
9,928,0,0.20444555210428056,0.5555555555555556,0.12
9,929,0,0.22789656540343903,0.5811965811965812,0.12
9,930,6,0.023589343753465407,0.5299145299145299,0.12
9,931,0,0.24667063747474896,0.6581196581196582,0.12
9,932,4,0.26711953694737844,0.6153846153846154,0.12
9,933,6,0.009422476069403019,0.5641025641025642,0.07999999999999999
9,934,1,0.1947189776807813,0.5982905982905984,0.12
9,935,6,0.018122432741103693,0.6324786324786326,0.12
9,936,4,0.012652092048056686,0.5299145299145299,0.07999999999999999
9,937,4,0.011504292245377648,0.6495726495726496,0.07999999999999999
9,938,4,0.012511475139959552,0.5384615384615385,0.07999999999999999
9,939,4,0.008880586521126261,0.5897435897435898,0.07999999999999999
9,940,4,0.008912596874189023,0.5897435897435898,0.07999999999999999
9,941,4,0.008912596874189023,0.5897435897435898,0.07999999999999999
9,942,4,0.0652222375922727,0.5042735042735044,0.12
9,943,1,0.006172282006637575,0.5811965811965812,0.07999999999999999
9,944,12,0.44512453742181757,0.6581196581196582,0.16
9,945,6,0.3797388183835458,0.6410256410256411,0.16
9,946,0,0.20227456423048826,0.5555555555555556,0.12
9,947,0,0.10442920395968068,0.5897435897435898,0.12
9,948,1,0.022966285095636644,0.5897435897435898,0.07999999999999999
9,949,4,0.09889255610671795,0.5042735042735044,0.12
9,950,1,0.018027544908810506,0.6153846153846154,0.07999999999999999
9,951,6,0.11848517863491849,0.5897435897435898,0.12
9,952,0,0.24892736736567367,0.5982905982905984,0.12
9,953,1,0.6442072121611904,0.6495726495726496,0.19999999999999998
9,954,0,0.3486167526182754,0.6068376068376069,0.12
9,955,0,0.2265932867430266,0.6153846153846154,0.12
9,956,6,0.09818489865865189,0.5470085470085471,0.12
9,957,0,0.1267975813891807,0.5897435897435898,0.12
9,958,1,0.26812786306885544,0.623931623931624,0.12
9,959,0,0.1466222789770863,0.5726495726495727,0.12
9,960,0,0.06385379499883963,0.6068376068376069,0.12
9,961,0,0.17788496165045378,0.5641025641025642,0.16
9,962,9,0.5631707169290181,0.6666666666666667,0.16
9,963,4,0.05087474005878472,0.5470085470085471,0.12
9,964,0,0.14895560506998262,0.5982905982905984,0.12
9,965,4,0.05121999458110451,0.5299145299145299,0.12
9,966,0,0.4495705468168562,0.6324786324786326,0.12
9,967,1,0.13601999275194146,0.5982905982905984,0.12
9,968,0,0.17573226540698306,0.5555555555555556,0.12
9,969,0,0.22114581058788155,0.6324786324786326,0.12
9,970,12,0.3952969931989432,0.7179487179487181,0.12
9,971,4,0.344138732870174,0.6153846153846154,0.12
9,972,0,0.3222402216945595,0.5470085470085471,0.16
9,973,6,0.22141675536201993,0.6581196581196582,0.12
9,974,0,0.21297059506103116,0.5982905982905984,0.12
9,975,1,0.4872307271951957,0.7179487179487181,0.12
9,976,0,0.06769618059326617,0.5982905982905984,0.12
9,977,6,0.009779162860673795,0.5982905982905984,0.07999999999999999
9,978,0,0.29519033012963053,0.5470085470085471,0.12
9,979,1,0.05953239733536675,0.5641025641025642,0.12
9,980,1,0.03948248404912674,0.5811965811965812,0.12
9,981,0,0.19065823574939092,0.5555555555555556,0.12
9,982,12,0.4265756810488421,0.6837606837606838,0.16
9,983,1,0.1392896216719236,0.5384615384615385,0.12
9,984,12,0.2446151155173616,0.6495726495726496,0.12
9,985,6,0.03941274720852572,0.5897435897435898,0.12
9,986,6,0.038628493558488054,0.5726495726495727,0.07999999999999999
9,987,0,0.18990370599862583,0.5555555555555556,0.12
9,988,6,0.027643226323485193,0.5470085470085471,0.12
9,989,0,0.1925342710842478,0.5811965811965812,0.12
9,990,6,0.09449456224127346,0.6068376068376069,0.12
9,991,0,0.06576755682123475,0.5384615384615385,0.12
9,992,6,0.05853321702905053,0.5384615384615385,0.12
9,993,0,0.48971724569203523,0.7179487179487181,0.12
9,994,0,0.12359311640221923,0.6495726495726496,0.12
9,995,0,0.05252784614909736,0.5726495726495727,0.12
9,996,0,0.08842745710898496,0.5811965811965812,0.12
9,997,6,0.04331686705528759,0.5726495726495727,0.12
10,998,0,0.19800232532350462,0.5384615384615385,0.0
10,999,0,0.12952417753399098,0.623931623931624,0.04
10,1000,0,0.1381738322223073,0.5042735042735044,0.04
10,1001,7,0.0048004097325192036,0.5811965811965812,0.0
10,1002,1,0.18484378376091923,0.5555555555555556,0.0
10,1003,0,0.10799835832617864,0.5897435897435898,0.07999999999999999
10,1004,0,0.08528815605504408,0.5726495726495727,0.04
10,1005,6,0.02977191480215887,0.6068376068376069,0.0
10,1006,6,0.030484145157805325,0.4786324786324787,0.0
10,1007,6,0.04761540018085849,0.5555555555555556,0.04
10,1008,0,0.08475541232192813,0.6581196581196582,0.04
10,1009,0,0.024703989976186582,0.5982905982905984,0.04
10,1010,6,0.012730974703818492,0.5470085470085471,0.0
10,1011,0,0.07415083964299311,0.5470085470085471,0.12
10,1012,0,0.02609872678820693,0.5641025641025642,0.04
10,1013,0,0.07670366529974838,0.6153846153846154,0.07999999999999999
10,1014,6,0.048942686606068014,0.5470085470085471,0.07999999999999999
10,1015,7,0.004943313094406533,0.5641025641025642,0.0
10,1016,7,0.011226488109868678,0.6324786324786326,0.0
10,1017,13,0.12458886702785014,0.6153846153846154,0.19999999999999998
10,1018,0,0.21327697986891758,0.5641025641025642,0.04
10,1019,1,0.0451631784908719,0.5897435897435898,0.16
10,1020,1,0.0249429243972622,0.5811965811965812,0.04
10,1021,1,0.24405493433876327,0.6495726495726496,0.04
10,1022,0,0.09610308248267725,0.5811965811965812,0.04
10,1023,0,0.10025299611188533,0.5299145299145299,0.04
10,1024,0,0.06124495122422451,0.6153846153846154,0.04
10,1025,4,0.05916313504824989,0.5897435897435898,0.04
10,1026,4,0.10082918246701504,0.5982905982905984,0.0
10,1027,4,0.04022100862336046,0.5384615384615385,0.04
11,1028,0,0.09272370378076566,0.623931623931624,0.12
11,1029,0,0.174086018678041,0.5982905982905984,0.16
11,1030,0,0.0774501924622478,0.5384615384615385,0.12
11,1031,0,0.10623207277325124,0.5811965811965812,0.12
11,1032,0,0.14558880186391712,0.5555555555555556,0.12
12,1033,0,0.1351362783620302,0.6068376068376069,0.12
12,1034,11,0.004143054267837483,0.5811965811965812,0.0
12,1035,6,0.016350431053700796,0.5897435897435898,0.07999999999999999
12,1036,6,0.06164736709129924,0.5811965811965812,0.12
12,1037,0,0.009742579600030637,0.5982905982905984,0.07999999999999999
12,1038,13,0.010923532982667537,0.5897435897435898,0.07999999999999999
12,1039,0,0.034168765440708244,0.5470085470085471,0.07999999999999999
12,1040,6,0.14482055339041083,0.5641025641025642,0.12
12,1041,0,0.008905737512818432,0.5897435897435898,0.07999999999999999
12,1042,6,0.03345539185816669,0.5811965811965812,0.07999999999999999
12,1043,6,0.031559921666093144,0.6153846153846154,0.07999999999999999
12,1044,0,0.17192989275388496,0.5982905982905984,0.12
12,1045,6,0.038008864581344594,0.5726495726495727,0.12
12,1046,0,0.2298652021167989,0.5641025641025642,0.12
12,1047,9,0.2888579963576791,0.5726495726495727,0.12
12,1048,0,0.31476123134682416,0.5641025641025642,0.16
12,1049,0,0.10759594245910392,0.5555555555555556,0.12
12,1050,6,0.05740142240290288,0.47008547008547014,0.04
12,1051,0,0.032150969970859145,0.5811965811965812,0.0
12,1052,11,0.05147036127113112,0.5213675213675214,0.04
12,1053,6,0.024349589638706003,0.5897435897435898,0.12
12,1054,0,0.23403569383011874,0.5726495726495727,0.12
12,1055,0,0.09881024377027084,0.5042735042735044,0.12
12,1056,0,0.0830840146012939,0.6068376068376069,0.12
12,1057,0,0.029825646466228505,0.5982905982905984,0.12
12,1058,0,0.09610308248267725,0.5811965811965812,0.16
12,1059,1,0.13250342682261804,0.5897435897435898,0.12
12,1060,1,0.08176701721814027,0.6153846153846154,0.12
12,1061,11,0.05022767363615889,0.5982905982905984,0.12
12,1062,0,0.07494995524266705,0.5470085470085471,0.12
12,1063,0,0.06616311332693889,0.5641025641025642,0.12
12,1064,0,0.14968155414837025,0.5897435897435898,0.12
12,1065,6,0.013568960017925798,0.5726495726495727,0.07999999999999999
12,1066,0,0.06346852753519139,0.6068376068376069,0.12
12,1067,0,0.14338123072948164,0.5726495726495727,0.12
12,1068,0,0.12881080395144942,0.6153846153846154,0.12
13,1069,6,0.02352875272802518,0.5128205128205129,0.12
13,1070,4,0.26347264315201374,0.6068376068376069,0.12
13,1071,6,0.011548878094286496,0.6324786324786326,0.07999999999999999
13,1072,3,0.3483606697937733,0.6068376068376069,0.12
13,1073,6,0.22158938262317981,0.6581196581196582,0.12
13,1074,6,0.10240454912846098,0.5811965811965812,0.07999999999999999
13,1075,6,0.08279935110441435,0.6581196581196582,0.12
13,1076,4,0.13349574776756368,0.5982905982905984,0.12
13,1077,1,0.02191680280593609,0.4871794871794872,0.07999999999999999
13,1078,1,0.09163535177663176,0.6495726495726496,0.12
13,1079,0,0.01589314029566134,0.5555555555555556,0.07999999999999999
13,1080,0,0.23645590516704257,0.6324786324786326,0.12
13,1081,5,0.012789279275468522,0.5384615384615385,0.07999999999999999
13,1082,6,0.06529083120597862,0.46153846153846156,0.12
13,1083,0,0.11492859976426661,0.5897435897435898,0.12
13,1084,6,0.1402042031880025,0.5641025641025642,0.12
13,1085,0,0.06641462324386059,0.5811965811965812,0.12
13,1086,6,0.16427027255672405,0.5726495726495727,0.16
13,1087,6,0.06434766901752224,0.5982905982905984,0.12
13,1088,0,0.3284616624576863,0.6068376068376069,0.16
13,1089,6,0.07151341519600053,0.5299145299145299,0.12
13,1090,6,0.34841440145784297,0.6068376068376069,0.12
13,1091,4,0.26643817371789963,0.6153846153846154,0.12
13,1092,6,0.1199062096655261,0.5811965811965812,0.12
13,1093,6,0.054068916003690334,0.45299145299145305,0.12
13,1094,6,0.08067637876021616,0.5555555555555556,0.12
13,1095,0,0.03655239351698892,0.4957264957264958,0.12
13,1096,8,0.09544687024489064,0.5811965811965812,0.12
13,1097,6,0.17978614797700282,0.5982905982905984,0.12
13,1098,6,0.15029089408345783,0.6153846153846154,0.12
13,1099,0,0.3802384085367039,0.6410256410256411,0.16
13,1100,4,0.19965428818692216,0.5726495726495727,0.12
13,1101,6,0.0819156367145031,0.5897435897435898,0.12
13,1102,6,0.0993509900916525,0.5042735042735044,0.12
13,1103,7,0.027003019262229956,0.5726495726495727,0.07999999999999999
13,1104,9,0.22800402873157832,0.5811965811965812,0.12
13,1105,2,0.037648748109388515,0.5726495726495727,0.12
13,1106,6,0.10496652060037703,0.5982905982905984,0.12
13,1107,0,0.2101422517225571,0.5897435897435898,0.12
13,1108,8,0.7766294698742564,0.6068376068376069,0.19999999999999998
13,1109,6,0.11650396642571255,0.5982905982905984,0.12
13,1110,6,0.030709360856139758,0.47008547008547014,0.07999999999999999
13,1111,6,0.07723183612528395,0.5384615384615385,0.12
13,1112,6,0.21742803672502076,0.5726495726495727,0.12
13,1113,6,0.03786138831187687,0.5982905982905984,0.12
13,1114,7,0.07376900186003016,0.5982905982905984,0.12
13,1115,12,0.04772400673589286,0.5555555555555556,0.12
13,1116,12,0.013030500150334336,0.5726495726495727,0.07999999999999999
13,1117,6,0.1270593803481583,0.5897435897435898,0.12
13,1118,12,0.030458994166113154,0.4786324786324787,0.07999999999999999
13,1119,6,0.13630236979503083,0.5897435897435898,0.12
13,1120,12,0.07974807852139607,0.6153846153846154,0.12
13,1121,0,0.09768759495928397,0.5470085470085471,0.12
13,1122,6,0.09612480379368413,0.5811965811965812,0.16
13,1123,6,0.10598970867149032,0.5811965811965812,0.12
13,1124,4,0.174932006580414,0.6068376068376069,0.16
13,1125,8,0.31005342299280797,0.5982905982905984,0.16
13,1126,0,0.08236835456496215,0.6153846153846154,0.12
13,1127,6,0.09928696938552697,0.5042735042735044,0.12
13,1128,6,0.06678731521166274,0.5811965811965812,0.07999999999999999
13,1129,6,0.15183996652631648,0.5982905982905984,0.12
13,1130,0,0.3200372234677044,0.5470085470085471,0.16
13,1131,6,0.02878645321858384,0.6068376068376069,0.07999999999999999
13,1132,6,0.1184874650887087,0.5897435897435898,0.12
13,1133,6,0.09376632670909563,0.6324786324786326,0.12
13,1134,6,0.17452844748644417,0.6324786324786326,0.16
13,1135,0,0.17160978922325734,0.5982905982905984,0.12
13,1136,6,0.09088539493344705,0.5555555555555556,0.12
13,1137,6,0.03106033151293504,0.5384615384615385,0.07999999999999999
13,1138,0,0.04539182386989163,0.5811965811965812,0.12
13,1139,6,0.3845438010236454,0.6410256410256411,0.16
13,1140,0,0.17857204101440807,0.5811965811965812,0.12
13,1141,8,0.02366822640922721,0.5213675213675214,0.12
13,1142,6,0.11824967389452817,0.6153846153846154,0.12
13,1143,6,0.11012590357795721,0.5897435897435898,0.12
13,1144,6,0.17380364163495163,0.5982905982905984,0.16
13,1145,5,0.039919196723054426,0.5555555555555556,0.12
13,1146,9,0.09474149925061477,0.5811965811965812,0.12
13,1147,1,0.26773573624383656,0.623931623931624,0.12
13,1148,6,0.9845938743616506,0.6153846153846154,0.19999999999999998
13,1149,6,0.33577374167873725,0.5982905982905984,0.16
13,1150,6,0.2237980969845104,0.6923076923076924,0.12
13,1151,6,0.30553081739579774,0.6068376068376069,0.12
13,1152,6,0.13555812908632162,0.5982905982905984,0.12
13,1153,13,0.10194497191663132,0.5811965811965812,0.12
13,1154,4,0.29938025670016705,0.5726495726495727,0.12
13,1155,15,0.021465228182372127,0.4444444444444445,0.07999999999999999
13,1156,0,0.2969028840184883,0.5897435897435898,0.12
13,1157,0,0.042098187185112435,0.5897435897435898,0.12
13,1158,9,0.3367134741865083,0.5982905982905984,0.16
13,1159,6,0.7673613294356917,0.5982905982905984,0.19999999999999998
13,1160,6,0.09136897991007377,0.5982905982905984,0.12
13,1161,6,0.060355520699837774,0.5811965811965812,0.12
13,1162,6,0.0830840146012939,0.6068376068376069,0.12
13,1163,8,0.09561492459847014,0.5811965811965812,0.12
13,1164,6,0.28486241835930937,0.5555555555555556,0.12
13,1165,6,0.03281975770449185,0.5384615384615385,0.07999999999999999
13,1166,6,0.07258118911602267,0.6068376068376069,0.12
13,1167,6,0.059979399051350316,0.5811965811965812,0.12
13,1168,6,0.6594338511770091,0.6581196581196582,0.19999999999999998
13,1169,0,0.1773785121359251,0.5641025641025642,0.12
13,1170,6,0.06767102960157399,0.5982905982905984,0.12
13,1171,5,0.06467005900194006,0.5726495726495727,0.12
13,1172,5,0.07266807436005017,0.6153846153846154,0.12
13,1173,5,0.014642450072423423,0.5470085470085471,0.07999999999999999
13,1174,7,0.03128440398437437,0.5897435897435898,0.07999999999999999
13,1175,5,0.09270312569665388,0.623931623931624,0.12
13,1176,0,0.1627829343662007,0.6068376068376069,0.16
13,1177,6,0.023048597432083748,0.5811965811965812,0.07999999999999999
13,1178,0,0.15180795617325374,0.5982905982905984,0.12
13,1179,1,0.16341856851987555,0.5982905982905984,0.16
13,1180,0,0.10849108911796615,0.6153846153846154,0.12
13,1181,0,0.06896287599303547,0.5470085470085471,0.12
13,1182,15,0.07579822959883026,0.6153846153846154,0.12
13,1183,1,0.1904307335972663,0.5555555555555556,0.12
13,1184,4,0.0849429015327243,0.5982905982905984,0.12
13,1185,6,0.14776093296460455,0.6068376068376069,0.12
13,1186,4,0.17924311520183098,0.5897435897435898,0.12
13,1187,6,0.13882318509872335,0.5299145299145299,0.12
13,1188,6,0.042085611689266354,0.5897435897435898,0.12
13,1189,6,0.11195506661011505,0.5299145299145299,0.12
13,1190,6,0.04518489980187877,0.5982905982905984,0.12
13,1191,0,0.2193498011356816,0.623931623931624,0.12
13,1192,6,0.049506297465351644,0.5726495726495727,0.12
13,1193,6,0.12144270661253868,0.623931623931624,0.12
13,1194,6,0.04063714321317637,0.5641025641025642,0.12
13,1195,6,0.018507700204751936,0.5641025641025642,0.07999999999999999
13,1196,1,0.06507018841522458,0.5042735042735044,0.12
13,1197,12,0.057468872789713694,0.4957264957264958,0.12
13,1198,0,0.09703824208286795,0.5470085470085471,0.12
13,1199,15,0.011747799574033659,0.6068376068376069,0.07999999999999999
13,1200,1,0.6231363972576273,0.6495726495726496,0.16
13,1201,0,0.08381453658726194,0.6410256410256411,0.12
13,1202,6,0.018888394760819785,0.5897435897435898,0.07999999999999999
13,1203,4,0.15813000090314924,0.5897435897435898,0.12
13,1204,6,0.04355580147636321,0.5641025641025642,0.12
13,1205,8,0.20347952537792222,0.5470085470085471,0.12
13,1206,6,0.1139374220462161,0.5897435897435898,0.12
13,1207,3,0.0847817065405154,0.6581196581196582,0.12
13,1208,3,0.13867570882925562,0.5213675213675214,0.12
13,1209,3,0.1320484225183688,0.5897435897435898,0.12
13,1210,6,0.10542495458531159,0.6068376068376069,0.12
13,1211,6,0.10826930310031702,0.6153846153846154,0.12
13,1212,9,0.27121343245872664,0.6153846153846154,0.16
13,1213,15,0.04479277297685994,0.5897435897435898,0.12
13,1214,6,0.22310530148608063,0.6581196581196582,0.12
13,1215,8,0.11437413472014377,0.5982905982905984,0.12
13,1216,6,0.017132398249948267,0.6068376068376069,0.07999999999999999
13,1217,0,0.0831823321142724,0.623931623931624,0.12
13,1218,1,0.30661002358477085,0.6068376068376069,0.12
13,1219,6,0.1040713739415148,0.5726495726495727,0.12
13,1220,9,0.435498566965087,0.6581196581196582,0.16
13,1221,6,0.03290092681404385,0.5555555555555556,0.07999999999999999
13,1222,4,0.21365881765188052,0.5641025641025642,0.12
14,1223,6,0.05928546032602544,0.5811965811965812,0.12
14,1224,6,0.02652057751249833,0.5726495726495727,0.07999999999999999
14,1225,6,0.14000299525446513,0.5555555555555556,0.12
14,1226,0,0.0316811037169736,0.6410256410256411,0.07999999999999999
14,1227,0,0.08759404470245806,0.5726495726495727,0.12
14,1228,6,0.18550685536007644,0.5982905982905984,0.12
14,1229,6,0.03128211753058417,0.5897435897435898,0.07999999999999999
14,1230,6,0.025426509373888927,0.5641025641025642,0.07999999999999999
14,1231,0,0.01478992634189115,0.5726495726495727,0.07999999999999999
14,1232,0,0.20697551322313387,0.6153846153846154,0.12
14,1233,0,0.048998704723927845,0.5555555555555556,0.12
14,1234,0,0.052307203358343324,0.5299145299145299,0.12
14,1235,9,0.31791539435040134,0.5555555555555556,0.16
14,1236,6,0.0702775869223989,0.5982905982905984,0.12
14,1237,6,0.04855513268862958,0.5555555555555556,0.12
14,1238,6,0.1479609976712468,0.5982905982905984,0.12
14,1239,6,0.035459468605274616,0.5897435897435898,0.12
14,1240,9,0.08344870398083037,0.6324786324786326,0.12
14,1241,3,0.2216774110941024,0.6581196581196582,0.12
14,1242,6,0.026966436001586797,0.5726495726495727,0.07999999999999999
14,1243,3,0.271426072661215,0.6153846153846154,0.16
14,1244,9,0.10888435916988008,0.6068376068376069,0.12
14,1245,3,0.04009411043800452,0.5811965811965812,0.12
14,1246,6,0.0572116467383165,0.4957264957264958,0.12
14,1247,2,0.07956058931059988,0.6068376068376069,0.12
14,1248,6,0.08885045106017146,0.6068376068376069,0.12
14,1249,6,0.18188854223708922,0.5897435897435898,0.12
14,1250,0,0.26506401498999105,0.6068376068376069,0.12
14,1251,0,0.11926257292358557,0.5897435897435898,0.12
14,1252,0,0.13257545011700925,0.5897435897435898,0.12
14,1253,0,0.15372400444943907,0.5897435897435898,0.16
14,1254,0,0.028233131401356096,0.5384615384615385,0.12
14,1255,6,0.02677323065631513,0.5726495726495727,0.07999999999999999
14,1256,6,0.04302420097014234,0.5811965811965812,0.12
14,1257,6,0.06972655155896136,0.5726495726495727,0.12
14,1258,0,0.3120449242440698,0.5897435897435898,0.16
14,1259,0,0.08094618030745944,0.5726495726495727,0.12
14,1260,6,0.09851414800444029,0.5042735042735044,0.12
14,1261,6,0.04876891611801302,0.5726495726495727,0.12
14,1262,6,0.0739862149700989,0.5555555555555556,0.12
14,1263,0,0.11152749975134815,0.5555555555555556,0.12
14,1264,0,0.03741667304968349,0.4957264957264958,0.12
14,1265,2,0.04038106038867428,0.5384615384615385,0.12
14,1266,9,0.01507458983877071,0.5042735042735044,0.07999999999999999
14,1267,0,0.15855871098881122,0.5982905982905984,0.12
14,1268,6,0.04884322586619443,0.5726495726495727,0.12
14,1269,3,0.06414074494950939,0.6153846153846154,0.12
14,1270,1,0.020884468919662016,0.4444444444444445,0.07999999999999999
14,1271,9,0.023158347214013216,0.5384615384615385,0.07999999999999999
14,1272,9,0.28259196974564343,0.5555555555555556,0.12
14,1273,6,0.11867381107260977,0.6068376068376069,0.12
14,1274,6,0.019199352476286617,0.5982905982905984,0.12
14,1275,6,0.1301941084945188,0.5982905982905984,0.12
14,1276,6,0.06125066735870001,0.6153846153846154,0.12
14,1277,6,0.0513960515229497,0.5213675213675214,0.12
14,1278,0,0.09107631382492852,0.5982905982905984,0.12
14,1279,6,0.07369240565805855,0.6068376068376069,0.12
14,1280,4,0.09102029570706868,0.5982905982905984,0.12
14,1281,6,0.11758660229537096,0.6410256410256411,0.12
14,1282,3,0.013966802977420126,0.4871794871794872,0.07999999999999999
14,1283,9,0.08717562365885195,0.5897435897435898,0.12
14,1284,0,0.5054834878023405,0.7264957264957266,0.12
14,1285,3,0.14837255935348231,0.5982905982905984,0.12
14,1286,3,0.23457758337839552,0.5726495726495727,0.12
14,1287,0,0.0689354385475531,0.5470085470085471,0.12
14,1288,0,0.1874011823252549,0.5641025641025642,0.12
14,1289,0,0.22196664749856237,0.6581196581196582,0.12
14,1290,0,0.22882715209604934,0.5726495726495727,0.12
14,1291,6,0.2712454428117894,0.6153846153846154,0.16
14,1292,6,0.06620769917584773,0.5641025641025642,0.12
14,1293,6,0.05851949830630935,0.5384615384615385,0.12
14,1294,6,0.017566824470085753,0.6495726495726496,0.07999999999999999
14,1295,6,0.13192038110611773,0.5811965811965812,0.12
14,1296,6,0.009778019633778697,0.5982905982905984,0.07999999999999999
14,1297,6,0.024220404999559856,0.5897435897435898,0.12
14,1298,0,0.19526429690974337,0.5897435897435898,0.12
14,1299,0,0.028715573151087723,0.5897435897435898,0.07999999999999999
14,1300,3,0.02895336434526824,0.6324786324786326,0.07999999999999999
14,1301,0,0.07083319519341684,0.5811965811965812,0.12
14,1302,6,0.10303675360145052,0.5641025641025642,0.07999999999999999
14,1303,3,0.22832184580841575,0.5726495726495727,0.12
14,1304,6,0.10412510560558444,0.5726495726495727,0.12
14,1305,4,0.042893873104101095,0.6153846153846154,0.12
14,1306,4,0.06160735414997079,0.6153846153846154,0.12
14,1307,4,0.07514430381483382,0.5726495726495727,0.12
14,1308,4,0.0708754945885355,0.5811965811965812,0.12
14,1309,4,0.06603049900710745,0.5128205128205129,0.12
14,1310,4,0.06515364397856678,0.5042735042735044,0.12
14,1311,4,0.07603716401990587,0.6153846153846154,0.12
14,1312,4,0.08541848392108534,0.5726495726495727,0.12
14,1313,3,0.07814413118757267,0.5897435897435898,0.12
14,1314,0,0.08406147359660325,0.6153846153846154,0.12
14,1315,1,0.09432307820700866,0.6068376068376069,0.12
14,1316,1,0.05680923087124178,0.45299145299145305,0.12
14,1317,1,0.20637874878389237,0.6153846153846154,0.12
14,1318,1,0.08368992485569618,0.6324786324786326,0.12
14,1319,1,0.3282615977510441,0.6068376068376069,0.16
14,1320,1,0.039192104417771684,0.5726495726495727,0.07999999999999999
14,1321,1,0.4226978554206675,0.6923076923076924,0.12
14,1322,1,0.1900111693267651,0.5555555555555556,0.12
14,1323,6,0.09936585204128878,0.5042735042735044,0.12
14,1324,1,0.096494066080801,0.5641025641025642,0.12
15,1325,1,0.17707898668940925,0.12820512820512822,0.12
15,1326,6,0.053386409547316445,0.5299145299145299,0.12
15,1327,0,0.11185560587024146,0.9487179487179488,0.12
15,1328,0,0.31959708111309143,0.9230769230769231,0.16
15,1329,13,0.06838440318411555,0.10256410256410257,0.12
15,1330,0,0.19857851167863433,0.7350427350427351,0.12
15,1331,0,0.19517741166571587,0.25641025641025644,0.12
15,1332,0,0.05386313516257257,0.10256410256410257,0.12
15,1333,6,0.03547776023559619,0.11111111111111112,0.12
15,1334,6,0.14920368530621902,0.2820512820512821,0.12
15,1335,9,0.15608934089539817,0.45299145299145305,0.12
15,1336,6,0.03517709156218525,0.12820512820512822,0.12
15,1337,6,0.01653220413002148,0.08547008547008547,0.07999999999999999
15,1338,0,0.03559093969821096,0.10256410256410257,0.12
15,1339,0,0.16028612682730528,0.5213675213675214,0.12
15,1340,5,0.12716684367629758,0.5811965811965812,0.12
15,1341,0,0.020645534498586398,0.5128205128205129,0.07999999999999999
15,1342,0,0.13326710238854395,0.6666666666666667,0.12
15,1343,6,0.12586585146967533,0.7264957264957266,0.12
15,1344,0,0.1431594447118325,0.6324786324786326,0.12
15,1345,0,0.023557333400402645,0.6495726495726496,0.12
15,1346,0,0.03954650475525227,0.7948717948717949,0.12
15,1347,0,0.3681853673816789,0.8119658119658121,0.16
15,1348,0,0.14974900453518109,0.9401709401709403,0.12
15,1349,5,0.008729680570973241,0.5982905982905984,0.07999999999999999
15,1350,0,0.1708884130524501,0.888888888888889,0.12
15,1351,6,0.04610405422553809,0.5897435897435898,0.12
15,1352,6,0.04855513268862958,0.5555555555555556,0.12
15,1353,10,0.025057247086772063,0.5811965811965812,0.07999999999999999
15,1354,0,0.026235914015618766,0.5726495726495727,0.07999999999999999
15,1355,0,0.057486021193140176,0.5299145299145299,0.12
15,1356,0,0.10399935064712358,0.5726495726495727,0.12
15,1357,6,0.024390745806929556,0.5897435897435898,0.12
15,1358,4,0.06991518399665263,0.025641025641025644,0.12
15,1359,0,0.14176699435360235,0.03418803418803419,0.12
15,1360,1,0.12718056239903877,0.7521367521367522,0.12
15,1361,0,0.26703493815714113,0.17948717948717952,0.12
15,1362,0,0.12999061410719123,0.1965811965811966,0.12
15,1363,6,0.18022972001230111,0.27350427350427353,0.12
15,1364,14,0.08532931222326764,0.3418803418803419,0.12
15,1365,4,0.14791183891475757,0.35042735042735046,0.12
15,1366,6,0.10025413933878043,0.4017094017094017,0.12
15,1367,0,0.03819749701903587,0.4102564102564103,0.12
15,1368,1,0.22722091830843574,0.41880341880341887,0.12
15,1369,1,0.06048927824656431,0.45299145299145305,0.12
15,1370,0,0.0051330887589929085,0.5897435897435898,0.07999999999999999
15,1371,9,0.05749745346209116,0.4786324786324787,0.12
15,1372,0,0.018298489682948886,0.4871794871794872,0.07999999999999999
15,1373,0,0.12021145124651744,0.9743589743589745,0.12
15,1374,6,0.18220635931392665,0.4786324786324787,0.12
15,1375,6,0.13147680907081946,0.4871794871794872,0.12
15,1376,9,0.2740806455116341,0.5128205128205129,0.12
15,1377,0,0.08496004993615078,0.7179487179487181,0.12
15,1378,0,0.24490435192182156,0.7692307692307693,0.12
15,1379,6,0.05632678912151015,0.5384615384615385,0.12
15,1380,0,0.23292790696876817,0.9401709401709403,0.12
15,1381,6,0.09641061051745879,0.5384615384615385,0.12
15,1382,9,0.27756291463410454,0.5555555555555556,0.12
15,1383,0,0.120414945633845,0.5726495726495727,0.12
15,1384,0,0.0648049597755617,0.5726495726495727,0.12
15,1385,0,0.14203222299326523,0.5726495726495727,0.12
15,1386,1,0.09346108512810429,0.6410256410256411,0.12
15,1387,6,0.2135067684748324,0.623931623931624,0.12
15,1388,3,0.0516532775743469,0.7692307692307693,0.12
15,1389,1,0.01923021960245428,0.45299145299145305,0.07999999999999999
15,1390,1,0.10669164998508089,0.43589743589743596,0.12
15,1391,1,0.07820815189369819,0.4786324786324787,0.12
15,1392,1,0.08673662453113407,0.5384615384615385,0.12
15,1393,1,0.173332632154171,0.7692307692307693,0.12
15,1394,1,0.018369369750445,0.8717948717948719,0.07999999999999999
15,1395,4,0.11242607609089568,0.5299145299145299,0.12
15,1396,4,0.10981037295490999,0.11111111111111112,0.12
15,1397,4,0.022522713060338373,0.11965811965811968,0.07999999999999999
15,1398,4,0.022873683717133657,0.2136752136752137,0.07999999999999999
15,1399,4,0.19038271806767215,0.2478632478632479,0.12
15,1400,4,0.023876293704135167,0.23931623931623935,0.12
15,1401,4,0.19264287763928217,0.3931623931623932,0.12
15,1402,4,0.15240472061249521,0.5213675213675214,0.12
15,1403,4,0.08934889798643447,0.888888888888889,0.12
15,1404,4,0.1932133478599364,0.9059829059829061,0.12
15,1405,4,0.1630447333251783,0.9145299145299146,0.16
15,1406,4,0.15575208896134404,0.8974358974358976,0.12
15,1407,4,0.09472549407408339,0.9059829059829061,0.12
15,1408,1,0.03255567229172406,0.9145299145299146,0.07999999999999999
15,1409,4,0.05555854064800386,0.017094017094017096,0.12
15,1410,6,0.012851013527803849,0.8034188034188035,0.07999999999999999
15,1411,0,0.010092407029930823,0.4957264957264958,0.07999999999999999
15,1412,4,0.04487737176709724,0.45299145299145305,0.12
15,1413,4,0.07512829863830245,0.6410256410256411,0.12
15,1414,4,0.0747441744015493,0.6410256410256411,0.12
15,1415,4,0.045968010225021345,0.6410256410256411,0.12
15,1416,4,0.046818571034974735,0.6410256410256411,0.07999999999999999
15,1417,4,0.0459211379223223,0.6410256410256411,0.12
15,1418,4,0.046894024010051244,0.6410256410256411,0.07999999999999999
15,1419,4,0.04612463230964986,0.6410256410256411,0.12
15,1420,1,0.108373336747771,0.6410256410256411,0.12
15,1421,0,0.05447590477834545,0.4871794871794872,0.12
15,1422,4,0.02239924455566772,0.27350427350427353,0.07999999999999999
15,1423,4,0.020571224750404987,0.5555555555555556,0.07999999999999999
15,1424,4,0.027231664641249684,0.5470085470085471,0.12
15,1425,14,0.0043305434786336605,0.7692307692307693,0.04
15,1426,1,0.017339322317961123,0.4102564102564103,0.07999999999999999
15,1427,0,0.20617182471587953,0.2820512820512821,0.12
15,1428,0,0.032180693870131706,0.2820512820512821,0.07999999999999999
15,1429,0,0.04593257019127329,0.8717948717948719,0.12
15,1430,6,0.06061388997813007,0.6923076923076924,0.12
15,1431,9,0.126986213826872,0.8547008547008548,0.12
15,1432,0,0.18336216170487138,0.5811965811965812,0.12
15,1433,0,0.03178285091063738,0.11111111111111112,0.07999999999999999
15,1434,0,0.03757215190741691,0.5726495726495727,0.12
15,1435,0,0.010596570090669324,0.5213675213675214,0.07999999999999999
15,1436,5,0.012597217157091951,0.3162393162393163,0.07999999999999999
15,1437,0,0.12716684367629758,0.5811965811965812,0.12
15,1438,0,0.12425504477448135,0.7692307692307693,0.12
15,1439,0,0.06426535668107514,0.4871794871794872,0.12
15,1440,4,0.17149660976064257,0.7435897435897436,0.12
15,1441,0,0.034136755087645486,0.43589743589743596,0.12
15,1442,9,0.11347441515370114,0.7948717948717949,0.12
15,1443,0,0.04576108615700849,0.11111111111111112,0.12
15,1444,1,0.022105435243627368,0.11965811965811968,0.07999999999999999
15,1445,0,0.004590055983821053,0.6068376068376069,0.04
15,1446,1,0.012554917761973301,0.8290598290598291,0.07999999999999999
15,1447,4,0.03371604759024918,0.8632478632478633,0.07999999999999999
15,1448,6,0.105163155626334,0.8632478632478633,0.12
